id,make,model,year,trim,tech,class,msrp,curb_weight,horsepower,battery_capacity_kwh,premium_gasoline,mpg_city,mpg_highway,mpg_alt_city,mpg_alt_highway,federal_refund,range,uf_city,uf_highway,drive,flag_start,flag_start_mobile,annual_delay_hours,annual_gas_delay_hours
47938,Acura,Integra,2025,1.5L,ICEV,Midsize/Large Car,32400,3073.0,200,,1,30,37,0,0,,0,0.0,0.0,FWD,,,,13.17
48189,Acura,Integra,2025,2.0L,ICEV,Midsize/Large Car,32400,3219.0,320,,1,21,28,0,0,,0,0.0,0.0,FWD,,,,18.83
48055,Acura,MDX,2025,FWD,ICEV,Compact SUV,50900,4268.0,290,,1,19,26,0,0,,0,0.0,0.0,FWD,,,,20.5
48070,Acura,MDX,2025,AWD,ICEV,Compact SUV,53100,4510.0,290,,1,19,25,0,0,,0,0.0,0.0,AWD,,,,20.83
48113,Acura,MDX,2025,AWD Type-S,ICEV,Midsize/Large SUV,74950,4776.0,355,,1,17,21,0,0,,0,0.0,0.0,AWD,0.0,0.0,,20.83
48526,Acura,RDX,2025,RDX,ICEV,Compact SUV,46050,4040.0,272,,1,21,27,0,0,,0,0.0,0.0,AWD,,,,19.0
48160,Acura,TLX,2025,FWD,ICEV,Compact Car,45400,3756.0,272,,1,22,31,0,0,,0,0.0,0.0,FWD,,,,20.5
48161,Acura,TLX,2025,AWD A-SPEC,ICEV,Compact Car,50400,3990.0,272,,1,21,29,0,0,,0,0.0,0.0,AWD,,,,21.5
48162,Acura,TLX,2025,Type-S,ICEV,Compact Car,57750,4221.0,355,,1,19,25,0,0,,0,0.0,0.0,AWD,0.0,0.0,,24.17
47809,Acura,ZDX,2024,RWD,BEV,Midsize/Large SUV,64500,5904.0,358,102.0,0,96,83,0,0,,313,0.0,0.0,RWD,,,80.92,
47808,Acura,ZDX,2024,AWD,BEV,Midsize/Large SUV,68500,5904.0,490,102.0,0,94,80,0,0,,304,0.0,0.0,AWD,,,83.64,
48003,Alfa Romeo,Giulia,2025,,ICEV,Midsize/Large Car,43995,3521.0,280,,1,24,33,0,0,,0,0.0,0.0,RWD,,,,16.33
48004,Alfa Romeo,Giulia,2025,AWD,ICEV,Midsize/Large Car,45995,3632.0,280,,1,23,31,0,0,,0,0.0,0.0,AWD,,,,17.17
48071,Alfa Romeo,Stelvio,2025,Stelvio,ICEV,Compact SUV,48995,4007.0,280,,1,22,28,0,0,,0,0.0,0.0,AWD,,,,18.33
46870,Alfa Romeo,Stelvio,2024,Stelvio,ICEV,Compact SUV,47950,4007.0,280,,1,17,23,0,0,,0,0.0,0.0,AWD,,,,23.0
47274,Alfa Romeo,Tonale eAWD,2024,Tonale eAWD,PHEV,Compact SUV,43845,4133.0,285,15.5,0,29,29,77,77,,360,0.613,0.612,AWD,,,10.75,14.83
47926,Aston Martin,DB12 V8,2025,DB12 V8,ICEV,Compact Car,248086,3715.0,671,,1,15,22,0,0,,0,0.0,0.0,RWD,0.0,0.0,,29.33
47965,Aston Martin,DBX 707,2025,DBX 707,ICEV,Midsize/Large SUV,253000,4940.0,698,,1,15,20,0,0,,0,0.0,0.0,AWD,0.0,0.0,,22.83
47412,Aston Martin,DBX V8,2024,DBX V8,ICEV,Midsize/Large SUV,252086,4940.0,542,,1,14,20,0,0,,0,0.0,0.0,AWD,0.0,0.0,,23.83
47549,Aston Martin,Valour,2024,Valour,ICEV,Two Seater,2010000,3900.0,705,,1,12,18,0,0,,0,0.0,0.0,RWD,0.0,0.0,,36.83
47925,Aston Martin,Vantage,2025,Vantage,ICEV,Two Seater,191000,3847.0,656,,1,15,22,0,0,,0,0.0,0.0,RWD,0.0,0.0,,29.33
47969,Audi,A3,2025,A3,ICEV,Compact Car,39495,3461.0,201,,1,24,34,0,0,,0,0.0,0.0,AWD,,,,18.67
47975,Audi,A4,2025,A4,ICEV,Compact Car,42000,3682.0,201,,1,26,36,0,0,,0,0.0,0.0,AWD,,,,17.5
48010,Audi,A5,2025,A5,ICEV,Midsize/Large Car,54200,3726.0,261,,1,26,36,0,0,,0,0.0,0.0,AWD,,,,14.5
48009,Audi,A6,2025,A6,ICEV,Midsize/Large Car,58100,4266.0,335,,1,24,31,0,0,,0,0.0,0.0,AWD,0.0,0.0,,16.67
48011,Audi,A7,2025,A7,ICEV,Midsize/Large Car,72000,4343.0,335,,1,22,30,0,0,,0,0.0,0.0,AWD,0.0,0.0,,17.83
48036,Audi,A8,2025,A8,ICEV,Midsize/Large Car,93295,4762.0,335,,1,20,26,0,0,,0,0.0,0.0,AWD,0.0,0.0,,19.83
48260,Audi,Q3,2025,Q3,ICEV,Compact SUV,38695,3902.0,184,,1,22,29,0,0,,0,0.0,0.0,AWD,,,,18.0
48296,Audi,Q4 e-tron,2025,Q4 e-tron,BEV,Midsize/Large SUV,51095,4674.0,282,82.0,0,125,104,0,0,,288,0.0,0.0,RWD,,,70.52,
47810,Audi,Q4 e-tron,2024,Q4 e-tron,BEV,Midsize/Large SUV,55200,4850.0,335,82.0,0,107,92,0,0,,258,0.0,0.0,AWD,,,78.72,
48076,Audi,Q5,2025,Q5,ICEV,Compact SUV,45400,4079.0,201,,1,23,29,0,0,,0,0.0,0.0,AWD,,,,17.5
48297,Audi,Q6 e-tron,2025,Q6 e-tron,BEV,Midsize/Large SUV,63800,5150.0,456,100.0,0,105,93,0,0,,307,0.0,0.0,AWD,,,80.67,
47804,Audi,Q7,2025,Q7,ICEV,Midsize/Large SUV,60500,4949.0,261,,1,20,26,0,0,,0,0.0,0.0,AWD,0.0,0.0,,17.5
48286,Audi,Q8,2025,Q8,ICEV,Midsize/Large SUV,74400,5004.0,335,,1,17,23,0,0,,0,0.0,0.0,AWD,0.0,0.0,,20.17
48299,Audi,Q8 e-tron,2025,Q8 e-tron,BEV,Midsize/Large SUV,76095,5798.0,355,106.0,0,77,80,0,0,,272,0.0,0.0,AWD,0.0,0.0,96.81,
48006,Audi,RS,2025,5 Sportback,ICEV,Midsize/Large Car,79900,4079.0,444,,1,18,25,0,0,,0,0.0,0.0,AWD,0.0,0.0,,21.5
48051,Audi,RS,2025,6 Avant,ICEV,Midsize/Large Car,126600,4982.0,621,,1,14,21,0,0,,0,0.0,0.0,AWD,0.0,0.0,,26.83
48115,Audi,RS Q8,2025,RS Q8,ICEV,Midsize/Large SUV,137495,6647.0,631,,1,14,20,0,0,,0,0.0,0.0,AWD,0.0,0.0,,23.83
46909,Audi,RS e-tron GT,2024,RS e-tron GT,BEV,Midsize/Large Car,147100,5139.0,845,105.0,0,85,85,0,0,,249,0.0,0.0,AWD,0.0,0.0,104.3,
48150,Audi,S3,2025,S3,ICEV,Compact Car,49995,3549.0,328,,1,23,31,0,0,,0,0.0,0.0,AWD,,,,19.83
47973,Audi,S4,2025,S4,ICEV,Compact Car,54900,3880.0,349,,1,20,29,0,0,,0,0.0,0.0,AWD,,,,22.17
48005,Audi,S5,2025,S5,ICEV,Midsize/Large Car,57900,3924.0,349,,1,20,29,0,0,,0,0.0,0.0,AWD,0.0,0.0,,19.17
48173,Audi,S6,2025,S6,ICEV,Midsize/Large Car,77195,4519.0,444,,1,19,27,0,0,,0,0.0,0.0,AWD,0.0,0.0,,20.17
48174,Audi,S7,2025,S7,ICEV,Midsize/Large Car,86995,4597.0,444,,1,19,27,0,0,,0,0.0,0.0,AWD,0.0,0.0,,20.17
48037,Audi,S8,2025,S8,ICEV,Midsize/Large Car,126595,5126.0,563,,1,15,24,0,0,,0,0.0,0.0,AWD,0.0,0.0,,24.5
48072,Audi,SQ5,2025,SQ5,ICEV,Compact SUV,61800,4288.0,349,,1,19,24,0,0,,0,0.0,0.0,AWD,0.0,0.0,,21.17
48303,Audi,SQ6 e-tron,2025,SQ6 e-tron,BEV,Midsize/Large SUV,74195,5324.0,509,100.0,0,96,82,0,0,,275,0.0,0.0,AWD,0.0,0.0,90.0,
47806,Audi,SQ7,2025,SQ7,ICEV,Midsize/Large SUV,90800,5291.0,500,,1,15,21,0,0,,0,0.0,0.0,AWD,0.0,0.0,,22.5
48114,Audi,SQ8,2025,SQ8,ICEV,Midsize/Large SUV,98895,5269.0,500,,1,15,21,0,0,,0,0.0,0.0,AWD,0.0,0.0,,22.5
48304,Audi,SQ8 e-tron,2025,SQ8 e-tron,BEV,Midsize/Large SUV,91495,6118.0,496,114.0,0,68,72,0,0,,242,0.0,0.0,AWD,0.0,0.0,116.28,
46908,Audi,e-tron GT,2024,e-tron GT,BEV,Midsize/Large Car,106500,5258.0,671,97.0,0,85,85,0,0,,249,0.0,0.0,AWD,0.0,0.0,96.35,
48151,BMW,2 Series,2025,230i Coupe,ICEV,Compact Car,40375,3519.0,255,,1,26,35,0,0,,0,0.0,0.0,RWD,,,,17.67
48152,BMW,2 Series,2025,230i xDrive Coupe,ICEV,Compact Car,42375,3519.0,255,,1,25,33,0,0,,0,0.0,0.0,AWD,,,,18.5
48163,BMW,3 Series,2025,330i Sedan,ICEV,Compact Car,46675,3644.0,255,,1,28,35,0,0,,0,0.0,0.0,RWD,,,,16.83
48164,BMW,3 Series,2025,330i xDrive Sedan,ICEV,Compact Car,48675,3752.0,255,,1,26,34,0,0,,0,0.0,0.0,AWD,,,,17.83
47491,BMW,3 Series,2024,330e xDrive Sedan,PHEV,Compact Car,47600,4138.0,180,12.0,1,22,32,64,75,,300,0.465,0.489,AWD,,,9.92,20.17
46769,BMW,3 Series,2024,M340i xDrive Sedan,ICEV,Compact Car,59600,3951.0,382,,1,23,31,0,0,,0,0.0,0.0,AWD,0.0,0.0,,19.83
47765,BMW,4 Series,2025,430i Coupe,ICEV,Compact Car,50700,3677.0,255,,1,28,36,0,0,,0,0.0,0.0,RWD,,,,16.67
47766,BMW,4 Series,2025,430i xDrive Coupe,ICEV,Compact Car,52700,3805.0,255,,1,27,34,0,0,,0,0.0,0.0,AWD,,,,17.5
46523,BMW,4 Series,2024,4 Series,ICEV,Compact Car,63450,3977.0,382,,1,22,31,0,0,,0,0.0,0.0,AWD,0.0,0.0,,20.5
48175,BMW,5 Series,2025,530i Sedan,ICEV,Midsize/Large Car,59375,4041.0,255,,1,28,35,0,0,,0,0.0,0.0,RWD,0.0,0.0,,14.0
48176,BMW,5 Series,2025,530i xDrive Sedan,ICEV,Midsize/Large Car,61675,4158.0,255,,1,27,35,0,0,,0,0.0,0.0,AWD,0.0,0.0,,14.33
48190,BMW,7 Series,2025,740i Sedan,ICEV,Midsize/Large Car,97575,4720.0,375,,1,25,31,0,0,,0,0.0,0.0,RWD,0.0,0.0,,16.33
48191,BMW,7 Series,2025,740i xDrive Sedan,ICEV,Midsize/Large Car,100575,4855.0,375,,1,24,31,0,0,,0,0.0,0.0,AWD,0.0,0.0,,16.67
48192,BMW,7 Series,2025,760i xDrive Sedan,ICEV,Midsize/Large Car,122475,5095.0,536,,1,18,25,0,0,,0,0.0,0.0,AWD,0.0,0.0,,21.5
47698,BMW,8 Series,2025,840i Convertible,ICEV,Compact Car,101675,4211.0,335,,1,21,29,0,0,,0,0.0,0.0,RWD,0.0,0.0,,21.5
47699,BMW,8 Series,2025,840i xDrive Convertible,ICEV,Compact Car,103500,4356.0,335,,1,21,29,0,0,,0,0.0,0.0,AWD,0.0,0.0,,21.5
47700,BMW,8 Series,2025,M850i xDrive Coupe,ICEV,Compact Car,107475,4427.0,523,,1,17,24,0,0,,0,0.0,0.0,AWD,0.0,0.0,,26.33
47970,BMW,M,2025,2 Coupe,ICEV,Compact Car,66075,3814.0,473,,1,16,23,0,0,,0,0.0,0.0,RWD,0.0,0.0,,27.83
47775,BMW,M,2025,4 Competition xDrive Coupe,ICEV,Compact Car,88300,3979.0,523,,1,16,23,0,0,,0,0.0,0.0,AWD,0.0,0.0,,27.83
47703,BMW,M,2025,8 Competition Convertible,ICEV,Compact Car,148800,4560.0,617,,1,15,22,0,0,,0,0.0,0.0,AWD,0.0,0.0,,29.33
48261,BMW,X1,2025,X1,ICEV,Compact SUV,40950,3750.0,241,,1,24,33,0,0,,0,0.0,0.0,AWD,,,,16.33
48263,BMW,X2,2025,X2,ICEV,Compact SUV,42450,3803.0,241,,1,24,33,0,0,,0,0.0,0.0,AWD,,,,16.33
48077,BMW,X3,2025,X3,ICEV,Compact SUV,49500,4176.0,255,,1,27,33,0,0,,0,0.0,0.0,AWD,,,,14.67
46704,BMW,X3,2024,xDrive30i,ICEV,Compact SUV,48900,4149.0,248,,1,21,28,0,0,,0,0.0,0.0,AWD,,,,18.83
46873,BMW,X3,2024,M,ICEV,Compact SUV,75500,4610.0,473,,1,15,20,0,0,,0,0.0,0.0,AWD,0.0,0.0,,26.17
48079,BMW,X4,2025,xDrive30i,ICEV,Compact SUV,56475,4178.0,248,,1,21,27,0,0,,0,0.0,0.0,AWD,,,,19.0
48081,BMW,X4,2025,M,ICEV,Compact SUV,80275,4597.0,473,,1,15,20,0,0,,0,0.0,0.0,AWD,0.0,0.0,,26.17
47743,BMW,X5,2025,xDrive40i,ICEV,Midsize/Large SUV,68000,4998.0,375,,1,23,27,0,0,,0,0.0,0.0,AWD,0.0,0.0,,15.83
47744,BMW,X5,2025,M60i xDrive,ICEV,Midsize/Large SUV,90000,5355.0,523,,1,17,22,0,0,,0,0.0,0.0,AWD,0.0,0.0,,20.5
47745,BMW,X5,2025,M Competition,ICEV,Midsize/Large SUV,124800,5455.0,617,,1,13,18,0,0,,0,0.0,0.0,AWD,0.0,0.0,,26.0
47746,BMW,X6,2025,xDrive40i,ICEV,Midsize/Large SUV,74500,5002.0,375,,1,23,26,0,0,,0,0.0,0.0,AWD,0.0,0.0,,16.17
47747,BMW,X6,2025,M60i xDrive,ICEV,Midsize/Large SUV,94300,5300.0,523,,1,17,22,0,0,,0,0.0,0.0,AWD,0.0,0.0,,20.5
47748,BMW,X6,2025,M Competition,ICEV,Midsize/Large SUV,129700,5454.0,617,,1,13,18,0,0,,0,0.0,0.0,AWD,0.0,0.0,,26.0
47807,BMW,X7,2025,xDrive40i,ICEV,Midsize/Large SUV,83500,5417.0,375,,1,20,24,0,0,,0,0.0,0.0,AWD,0.0,0.0,,18.0
47749,BMW,X7,2025,M60i xDrive,ICEV,Midsize/Large SUV,110900,5895.0,523,,1,16,20,0,0,,0,0.0,0.0,AWD,0.0,0.0,,22.0
47492,BMW,XM,2024,XM,PHEV,Midsize/Large SUV,159000,6033.0,644,25.7,1,12,17,46,46,,300,0.602,0.595,AWD,0.0,0.0,21.25,27.83
47695,BMW,Z4,2025,sDrive30i,ICEV,Two Seater,54050,3314.0,255,,1,25,33,0,0,,0,0.0,0.0,RWD,,,,18.5
47764,BMW,Z4,2025,M40i,ICEV,Two Seater,66450,3543.0,382,,1,19,26,0,0,,0,0.0,0.0,RWD,0.0,0.0,,23.83
48310,BMW,i4,2025,eDrive40 Gran Coupe (18 inch wheels),BEV,Compact Car,57900,4665.0,335,84.0,0,113,111,0,0,,318,0.0,0.0,RWD,,,65.52,
48314,BMW,i4,2025,xDrive40 Gran Coupe (18 inch Wheels),BEV,Compact Car,62300,5022.0,396,84.0,0,99,103,0,0,,287,0.0,0.0,AWD,,,72.8,
48316,BMW,i5,2025,eDrive40 Sedan (19 inch Wheels),BEV,Compact Car,67100,4916.0,335,81.2,0,104,105,0,0,,295,0.0,0.0,RWD,,,68.21,
48322,BMW,i5,2025,xDrive40 Sedan (19 inch Wheels),BEV,Compact Car,70100,5187.0,389,84.3,0,92,95,0,0,,266,0.0,0.0,AWD,0.0,0.0,78.68,
48325,BMW,i7,2025,eDrive50 Sedan (19 inch Wheels),BEV,Midsize/Large Car,105700,6067.0,449,105.7,0,85,93,0,0,,314,0.0,0.0,RWD,0.0,0.0,83.86,
48330,BMW,i7,2025,xDrive60 Sedan (19 inch wheels),BEV,Midsize/Large Car,125375,5975.0,536,105.7,0,85,91,0,0,,311,0.0,0.0,AWD,0.0,0.0,84.56,
48338,BMW,iX,2025,iX,BEV,Midsize/Large SUV,88425,5659.0,516,111.5,0,82,84,0,0,,309,0.0,0.0,AWD,0.0,0.0,89.94,
48554,Bentley,Bentayga,2025,Bentayga,ICEV,Midsize/Large SUV,180000,5326.0,443,,1,14,21,0,0,,0,0.0,0.0,AWD,0.0,0.0,,23.5
47317,Bentley,Continental,2024,8Cyl,ICEV,Compact Car,242700,4773.0,542,,1,14,22,0,0,,0,0.0,0.0,AWD,0.0,0.0,,30.67
47316,Bentley,Continental,2024,12Cyl,ICEV,Compact Car,242700,4773.0,650,,1,12,20,0,0,,0,0.0,0.0,AWD,0.0,0.0,,35.5
47489,Bentley,Flying Spur,2024,Hybrid,PHEV,Midsize/Large Car,221200,5523.0,410,18.0,1,17,22,43,50,,430,0.46,0.489,AWD,0.0,0.0,10.08,23.33
47347,Bentley,Flying Spur,2024,8Cyl,ICEV,Midsize/Large Car,214900,5137.0,542,,1,15,20,0,0,,0,0.0,0.0,AWD,0.0,0.0,,26.17
47238,Bentley,Flying Spur,2024,12Cyl,ICEV,Midsize/Large Car,214900,5372.0,626,,1,12,19,0,0,,0,0.0,0.0,AWD,0.0,0.0,,30.67
47006,Bugatti,Chiron,2024,Chiron,ICEV,Two Seater,4999998,4350.0,1600,,1,8,11,0,0,,0,0.0,0.0,AWD,0.0,0.0,,57.0
48341,Bugatti Rimac,Nevera,2025,Nevera,BEV,Two Seater,2500000,5100.0,2107,108.0,0,52,54,0,0,,204,0.0,0.0,AWD,0.0,0.0,130.32,
48109,Buick,Enclave,2025,FWD,ICEV,Midsize/Large SUV,45000,4537.0,328,,0,20,27,0,0,,0,0.0,0.0,FWD,,,,17.17
48116,Buick,Enclave,2025,AWD,ICEV,Midsize/Large SUV,46395,4537.0,328,,0,19,24,0,0,,0,0.0,0.0,AWD,,,,18.5
46745,Buick,Enclave,2024,Enclave,ICEV,Midsize/Large SUV,45900,4614.0,310,,0,17,25,0,0,,0,0.0,0.0,AWD,,,,19.5
47785,Buick,Encore,2025,GX FWD,ICEV,Compact SUV,26000,3020.0,155,,0,29,31,0,0,,0,0.0,0.0,FWD,,,,14.5
47791,Buick,Encore,2025,GX AWD,ICEV,Compact SUV,28000,3255.0,155,,0,26,28,0,0,,0,0.0,0.0,AWD,,,,16.67
48083,Buick,Envision,2025,Envision,ICEV,Compact SUV,36500,3940.0,228,,0,22,28,0,0,,0,0.0,0.0,AWD,,,,18.33
47780,Buick,Envista,2025,Envista,ICEV,Compact Car,22900,3137.0,137,,0,28,32,0,0,,0,0.0,0.0,FWD,,,,17.5
47979,Cadillac,CT4,2025,,ICEV,Compact Car,34995,3422.0,237,,1,22,32,0,0,,0,0.0,0.0,RWD,,,,20.17
47980,Cadillac,CT4,2025,AWD,ICEV,Compact Car,34995,3455.0,325,,1,21,31,0,0,,0,0.0,0.0,AWD,,,,21.0
47934,Cadillac,CT5,2025,,ICEV,Midsize/Large Car,47595,3663.0,237,,1,23,32,0,0,,0,0.0,0.0,RWD,,,,17.0
47935,Cadillac,CT5,2025,AWD 4Cyl,ICEV,Midsize/Large Car,48595,3663.0,237,,1,21,30,0,0,,0,0.0,0.0,AWD,,,,18.33
47933,Cadillac,CT5,2025,AWD 6Cyl,ICEV,Midsize/Large Car,48990,3663.0,335,,1,18,26,0,0,,0,0.0,0.0,AWD,,,,21.17
48556,Cadillac,Escalade,2025,Escalade,ICEV,Midsize/Large SUV,89590,6361.0,682,,1,11,17,0,0,,0,0.0,0.0,AWD,0.0,0.0,,29.5
47416,Cadillac,Escalade,2024,Escalade,ICEV_Diesel,Midsize/Large SUV,84895,5635.0,420,,0,20,26,0,0,,0,0.0,0.0,AWD,0.0,0.0,,17.5
46945,Cadillac,LYRIQ,2024,,BEV,Compact SUV,57195,5557.0,340,102.0,0,95,82,0,0,,314,0.0,0.0,RWD,,,80.92,
47812,Cadillac,LYRIQ,2024,AWD,BEV,Compact SUV,63110,5789.0,500,102.0,0,96,81,0,0,,307,0.0,0.0,AWD,,,82.28,
48056,Cadillac,XT4,2025,FWD,ICEV,Compact SUV,40795,3702.0,235,,1,24,29,0,0,,0,0.0,0.0,FWD,,,,17.17
48088,Cadillac,XT4,2025,AWD,ICEV,Compact SUV,43295,3874.0,235,,1,23,28,0,0,,0,0.0,0.0,AWD,,,,17.83
48057,Cadillac,XT5,2025,FWD,ICEV,Compact SUV,44295,3915.0,235,,1,22,29,0,0,,0,0.0,0.0,FWD,,,,18.0
48084,Cadillac,XT5,2025,AWD 4Cyl,ICEV,Compact SUV,46295,4206.0,235,,1,21,27,0,0,,0,0.0,0.0,AWD,,,,19.0
48086,Cadillac,XT5,2025,AWD 6Cyl,ICEV,Compact SUV,46295,4127.0,310,,0,18,26,0,0,,0,0.0,0.0,AWD,,,,21.17
48085,Cadillac,XT6,2025,XT6,ICEV,Compact SUV,51195,4362.0,235,,1,21,26,0,0,,0,0.0,0.0,AWD,,,,19.33
48342,Chevrolet,Blazer,2025,EV AWD,BEV,Compact SUV,47600,5163.0,288,85.0,0,102,87,0,0,,283,0.0,0.0,AWD,,,74.23,
48062,Chevrolet,Blazer,2025,FWD,ICEV,Compact SUV,35400,3918.0,228,,0,22,29,0,0,,0,0.0,0.0,FWD,,,,18.0
48090,Chevrolet,Blazer,2025,AWD 4Cyl,ICEV,Compact SUV,38100,4144.0,228,,0,22,27,0,0,,0,0.0,0.0,AWD,,,,18.5
48091,Chevrolet,Blazer,2025,AWD 6Cyl,ICEV,Compact SUV,38100,3918.0,308,,0,18,26,0,0,,0,0.0,0.0,AWD,,,,21.17
47047,Chevrolet,Camaro,2024,6Cyl,ICEV,Compact Car,30900,3411.0,335,,0,18,29,0,0,,0,0.0,0.0,RWD,,,,23.83
47046,Chevrolet,Camaro,2024,"8Cyl Man 6-spd, 8 cyl, 6.2 L",ICEV,Compact Car,30900,3684.0,335,,1,16,24,0,0,,0,0.0,0.0,RWD,,,,27.33
47044,Chevrolet,Camaro,2024,"8Cyl Man 6-spd, 8 cyl, 6.2 L, Sup Charg",ICEV,Compact Car,30900,3411.0,650,,1,14,20,0,0,,0,0.0,0.0,RWD,,,,32.17
47587,Chevrolet,Colorado,2024,2WD,ICEV,Pickup Truck,29500,4164.0,237,,0,20,24,0,0,,0,0.0,0.0,RWD,,,,10.67
48577,Chevrolet,Colorado,2024,4WD,ICEV,Pickup Truck,40500,4520.0,310,,0,18,23,0,0,,0,0.0,0.0,AWD,,,,11.67
47592,Chevrolet,Colorado,2024,Mud Terrain Tires 4WD,ICEV,Pickup Truck,48395,4640.0,310,,0,17,20,0,0,,0,0.0,0.0,AWD,,,,12.83
47591,Chevrolet,Colorado,2024,ZR2 Bison 4WD,ICEV,Pickup Truck,60540,5273.0,310,,0,16,16,0,0,,0,0.0,0.0,AWD,0.0,0.0,,14.5
48477,Chevrolet,Corvette,2025,,ICEV,Two Seater,69995,3535.0,490,,1,16,25,0,0,,0,0.0,0.0,RWD,0.0,0.0,,27.0
48478,Chevrolet,Corvette,2025,E-Ray,HEV,Two Seater,118845,3774.0,495,,1,16,24,0,0,,0,0.0,0.0,AWD,0.0,0.0,,27.33
48479,Chevrolet,Corvette,2025,Z06,ICEV,Two Seater,112100,3535.0,670,,1,12,20,0,0,,0,0.0,0.0,RWD,0.0,0.0,,35.5
48061,Chevrolet,Equinox,2025,FWD,ICEV,Compact SUV,28600,3428.0,175,,0,26,28,0,0,,0,0.0,0.0,FWD,,,,16.67
48089,Chevrolet,Equinox,2025,AWD,ICEV,Compact SUV,30600,3583.0,175,,0,24,29,0,0,,0,0.0,0.0,AWD,,,,17.17
47814,Chevrolet,Equinox,2024,EV FWD,BEV,Compact SUV,41900,4923.0,213,85.0,0,117,99,0,0,,319,0.0,0.0,FWD,,,66.3,
47815,Chevrolet,Equinox,2024,EV AWD,BEV,Compact SUV,49400,5073.0,288,85.0,0,101,90,0,0,,285,0.0,0.0,AWD,,,74.23,
48015,Chevrolet,Malibu,2025,Malibu,ICEV,Midsize/Large Car,25800,3135.0,163,,0,28,36,0,0,,0,0.0,0.0,FWD,,,,13.83
48209,Chevrolet,Silverado,2025,4WD ICEV_Diesel,ICEV_Diesel,Pickup Truck,41600,6686.0,277,,0,22,26,0,0,,0,0.0,0.0,AWD,,,,9.83
48201,Chevrolet,Silverado,2025,2WD,ICEV,Pickup Truck,41600,5080.0,310,,0,18,21,0,0,,0,0.0,0.0,RWD,,,,12.0
48215,Chevrolet,Silverado,2025,4WD ICEV 4Cyl,ICEV,Pickup Truck,38995,5080.0,420,,0,17,20,0,0,,0,0.0,0.0,AWD,,,,12.83
48225,Chevrolet,Silverado,2025,4WD ICEV 8Cyl,ICEV,Pickup Truck,52495,5080.0,420,,0,16,19,0,0,,0,0.0,0.0,AWD,,,,13.5
48222,Chevrolet,Silverado,2025,4WD ZR2,ICEV,Pickup Truck,70995,5080.0,420,,1,14,17,0,0,,0,0.0,0.0,AWD,0.0,0.0,,15.83
46946,Chevrolet,Silverado,2024,Silverado,BEV,Pickup Truck,94500,8953.0,754,205.0,0,67,59,0,0,,450,0.0,0.0,AWD,0.0,0.0,110.7,
47423,Chevrolet,Suburban,2024,4WD ICEV_Diesel,ICEV_Diesel,Midsize/Large SUV,62200,5824.0,277,,0,20,26,0,0,,0,0.0,0.0,AWD,0.0,0.0,,17.5
47397,Chevrolet,Suburban,2024,2WD,ICEV,Midsize/Large SUV,59200,5530.0,355,,0,15,20,0,0,,0,0.0,0.0,RWD,0.0,0.0,,22.83
47418,Chevrolet,Suburban,2024,4WD ICEV,ICEV,Midsize/Large SUV,62200,5824.0,355,,0,15,18,0,0,,0,0.0,0.0,AWD,0.0,0.0,,23.83
47422,Chevrolet,Tahoe,2024,4WD ICEV_Diesel,ICEV_Diesel,Midsize/Large SUV,59200,5661.0,277,,0,20,26,0,0,,0,0.0,0.0,AWD,0.0,0.0,,17.5
47396,Chevrolet,Tahoe,2024,2WD,ICEV,Midsize/Large SUV,56200,5383.0,355,,0,15,20,0,0,,0,0.0,0.0,RWD,,,,22.83
47417,Chevrolet,Tahoe,2024,4WD ICEV,ICEV,Midsize/Large SUV,59200,5845.0,277,,0,15,20,0,0,,0,0.0,0.0,AWD,0.0,0.0,,22.83
47787,Chevrolet,Trailblazer,2025,FWD,ICEV,Compact SUV,23100,3252.0,155,,0,29,33,0,0,,0,0.0,0.0,FWD,,,,14.0
47792,Chevrolet,Trailblazer,2025,AWD,ICEV,Compact SUV,25100,3252.0,155,,0,26,29,0,0,,0,0.0,0.0,AWD,,,,16.33
48110,Chevrolet,Traverse,2025,FWD,ICEV,Midsize/Large SUV,40600,4504.0,328,,0,20,27,0,0,,0,0.0,0.0,FWD,,,,17.17
48117,Chevrolet,Traverse,2025,AWD,ICEV,Midsize/Large SUV,42600,4793.0,328,,0,19,24,0,0,,0,0.0,0.0,AWD,,,,18.5
47677,Chevrolet,Traverse,2024,Traverse,ICEV,Midsize/Large SUV,36520,4504.0,328,,0,17,25,0,0,,0,0.0,0.0,AWD,,,,19.5
47721,Chevrolet,Trax,2025,Trax,ICEV,Compact Car,20400,2983.0,137,,0,28,32,21,24,,0,0.0,0.0,FWD,,,,17.5
48252,Chrysler,Pacifica,2025,,ICEV,Minivan/Van,42450,4521.0,287,,0,19,28,0,0,,0,0.0,0.0,FWD,,,,13.67
48255,Chrysler,Pacifica,2025,AWD,ICEV,Minivan/Van,45445,4883.0,287,,0,17,25,0,0,,0,0.0,0.0,AWD,,,,15.67
48253,Chrysler,Voyager,2025,Voyager,ICEV,Minivan/Van,41690,4330.0,287,,0,19,28,0,0,,0,0.0,0.0,FWD,,,,13.67
48279,Dodge,Durango,2025,RWD,ICEV,Midsize/Large SUV,41995,4875.0,710,,0,18,25,0,0,,0,0.0,0.0,RWD,,,,18.83
48287,Dodge,Durango,2025,AWD 6Cyl,ICEV,Midsize/Large SUV,43995,4986.0,295,,0,17,24,0,0,,0,0.0,0.0,AWD,,,,19.83
48288,Dodge,Durango,2025,AWD 8Cyl,ICEV,Midsize/Large SUV,43995,5313.0,360,,0,14,22,0,0,,0,0.0,0.0,AWD,,,,23.17
48289,Dodge,Durango,2025,SRT AWD,ICEV,Midsize/Large SUV,114920,5575.0,710,,1,12,17,0,0,,0,0.0,0.0,AWD,0.0,0.0,,27.83
47955,Dodge,Hornet,2025,Hornet,ICEV,Compact SUV,31585,3715.0,268,,0,21,29,0,0,,0,0.0,0.0,AWD,,,,18.5
47275,Dodge,Hornet,2024,Hornet,PHEV,Compact SUV,41400,4140.0,288,15.5,0,29,29,77,77,,360,0.613,0.612,AWD,,,10.75,14.83
47009,Ferrari,812 Competizione,2024,812 Competizione,ICEV,Two Seater,1199768,3278.0,819,,1,12,16,0,0,,0,0.0,0.0,RWD,0.0,0.0,,38.33
47010,Ferrari,Daytona SP3,2024,Daytona SP3,ICEV,Two Seater,2226935,3274.0,829,,1,12,16,0,0,,0,0.0,0.0,RWD,0.0,0.0,,38.33
47264,Ferrari,Purosangue,2024,Purosangue,ICEV,Midsize/Large SUV,424686,4850.0,715,,1,11,15,0,0,,0,0.0,0.0,AWD,0.0,0.0,,31.33
47233,Ferrari,Roma,2024,Roma,ICEV,Compact Car,247308,3430.0,611,,1,17,22,0,0,,0,0.0,0.0,RWD,0.0,0.0,,27.17
47493,Ferrari,SF90 Spider,2024,SF90 Spider,PHEV,Two Seater,580000,3682.0,769,7.9,1,16,19,42,46,,330,0.227,0.224,AWD,0.0,0.0,5.95,29.83
47494,Ferrari,SF90 Stradale,2024,SF90 Stradale,PHEV,Two Seater,524814,3593.0,769,7.9,1,16,20,51,51,,340,0.24,0.234,AWD,0.0,0.0,5.79,29.17
47816,Fiat,500e,2024,500e,BEV,Compact Car,32500,2952.0,117,42.0,0,127,104,0,0,,149,0.0,0.0,FWD,,,70.0,
48470,Fisker,Ocean,2024,Ocean,BEV,Midsize/Large SUV,41437,4835.0,282,73.0,0,104,81,0,0,,231,0.0,0.0,FWD,,,78.35,
47644,Ford,Bronco,2024,4WD,ICEV,Compact SUV,39630,4304.0,275,,0,20,21,0,0,,0,0.0,0.0,AWD,,,,21.67
47648,Ford,Bronco,2024,Black Diamond 4WD,ICEV,Compact SUV,43330,4997.0,275,,0,18,18,0,0,,0,0.0,0.0,AWD,,,,24.5
47682,Ford,Bronco,2024,Raptor 4WD,ICEV,Midsize/Large SUV,90035,5733.0,418,,0,15,16,0,0,,0,0.0,0.0,AWD,0.0,0.0,,25.0
47375,Ford,Bronco Sport,2024,Bronco Sport,ICEV,Compact SUV,29795,3457.0,181,,0,25,29,0,0,,0,0.0,0.0,AWD,,,,16.67
46881,Ford,Edge,2024,Edge,ICEV,Compact SUV,38365,4122.0,250,,0,21,28,0,0,,0,0.0,0.0,AWD,,,,18.83
47643,Ford,Escape,2024,AWD HEV,HEV,Compact SUV,35040,3283.0,192,,0,42,36,0,0,,0,0.0,0.0,AWD,,,,11.0
47627,Ford,Escape,2024,FWD,ICEV,Compact SUV,29345,3283.0,180,,0,27,34,0,0,,0,0.0,0.0,FWD,,,,14.5
47642,Ford,Escape,2024,AWD,ICEV,Compact SUV,31515,3283.0,180,,0,26,32,0,0,,0,0.0,0.0,AWD,,,,15.67
47167,Ford,Expedition,2024,2WD,ICEV,Midsize/Large SUV,56075,5443.0,380,,0,17,23,0,0,,0,0.0,0.0,RWD,,,,20.17
47180,Ford,Expedition,2024,4WD,ICEV,Midsize/Large SUV,59375,5443.0,380,,0,16,22,0,0,,0,0.0,0.0,AWD,0.0,0.0,,21.33
47181,Ford,Expedition,2024,Timberline AWD,ICEV,Midsize/Large SUV,73695,5623.0,440,,0,16,19,0,0,,0,0.0,0.0,AWD,0.0,0.0,,22.5
48283,Ford,Explorer,2025,RWD,ICEV,Midsize/Large SUV,39755,4344.0,300,,0,20,29,0,0,,0,0.0,0.0,RWD,,,,16.83
48120,Ford,Explorer,2025,AWD 4Cyl,ICEV,Midsize/Large SUV,41755,4344.0,300,,0,20,27,0,0,,0,0.0,0.0,AWD,,,,17.17
48119,Ford,Explorer,2025,AWD 6Cyl,ICEV,Midsize/Large SUV,41755,4788.0,400,,0,18,25,0,0,,0,0.0,0.0,AWD,,,,18.83
47818,Ford,F-150 Lightning,2024,F-150 Lightning,BEV,Pickup Truck,70090,6361.0,580,131.0,0,78,63,0,0,,320,0.0,0.0,AWD,0.0,0.0,102.18,
47612,Ford,F150,2024,Pickup 4WD HEV,HEV,Pickup Truck,75730,4941.0,430,,0,22,24,0,0,,0,0.0,0.0,AWD,0.0,0.0,,10.17
47605,Ford,F150,2024,Pickup 2WD,ICEV,Pickup Truck,36965,4021.0,325,,0,19,25,0,0,,0,0.0,0.0,RWD,,,,10.83
47611,Ford,F150,2024,Pickup 4WD,ICEV,Pickup Truck,41980,4021.0,325,,0,18,23,0,0,,0,0.0,0.0,AWD,,,,11.67
48458,Ford,F150,2024,Pickup Tremor 4WD,ICEV,Pickup Truck,64350,5600.0,400,,0,16,21,0,0,,0,0.0,0.0,AWD,0.0,0.0,,13.0
47615,Ford,F150,2024,RAPTOR 4WD,ICEV,Pickup Truck,78440,5710.0,450,,0,14,18,0,0,,0,0.0,0.0,AWD,0.0,0.0,,15.0
47617,Ford,F150,2024,RAPTOR R 4WD,ICEV,Pickup Truck,109145,5950.0,720,,0,10,15,0,0,,0,0.0,0.0,AWD,0.0,0.0,,20.33
47363,Ford,Maverick,2024,FWD,ICEV,Pickup Truck,23920,3636.0,250,,0,23,30,0,0,,0,0.0,0.0,FWD,,,,9.0
47366,Ford,Maverick,2024,AWD,ICEV,Pickup Truck,34960,3636.0,250,,0,22,29,0,0,,0,0.0,0.0,AWD,,,,9.33
47367,Ford,Maverick,2024,Tremor AWD,ICEV,Pickup Truck,41435,3563.0,250,,0,20,24,0,0,,0,0.0,0.0,AWD,,,,10.67
46646,Ford,Mustang,2024,4Cyl,ICEV,Compact Car,30920,3812.0,315,,0,22,33,0,0,,0,0.0,0.0,RWD,,,,20.0
47559,Ford,Mustang,2024,8Cyl,ICEV,Compact Car,30920,3933.0,486,,0,16,24,0,0,,0,0.0,0.0,RWD,,,,27.33
46767,Ford,Mustang,2024,Dark Horse,ICEV,Compact Car,58185,3925.0,500,,0,14,22,0,0,,0,0.0,0.0,RWD,0.0,0.0,,30.67
47823,Ford,Mustang Mach-E,2024,RWD Extended,BEV,Compact SUV,41990,4394.0,290,91.0,0,111,100,0,0,,320,0.0,0.0,RWD,,,70.98,
47825,Ford,Mustang Mach-E,2024,AWD Extended,BEV,Compact SUV,49585,4498.0,365,91.0,0,103,94,0,0,,300,0.0,0.0,AWD,,,75.23,
47368,Ford,Ranger,2024,2WD,ICEV,Pickup Truck,32670,4204.0,270,,0,21,25,0,0,,0,0.0,0.0,RWD,,,,10.33
47370,Ford,Ranger,2024,4WD,ICEV,Pickup Truck,36315,4204.0,270,,0,20,24,0,0,,0,0.0,0.0,AWD,,,,10.67
47371,Ford,Ranger,2024,RAPTOR 4WD,ICEV,Pickup Truck,55470,5325.0,405,,0,16,18,0,0,,0,0.0,0.0,AWD,,,,13.83
48111,GMC,Acadia,2025,FWD,ICEV,Midsize/Large SUV,44295,6173.0,328,,0,20,27,0,0,,0,0.0,0.0,FWD,,,,17.17
48122,GMC,Acadia,2025,AWD,ICEV,Midsize/Large SUV,45995,,328,,0,19,24,0,0,,0,0.0,0.0,AWD,,,,18.5
47365,GMC,Canyon,2024,2WD,ICEV,Pickup Truck,36000,4430.0,310,,0,19,23,0,0,,0,0.0,0.0,RWD,,,,11.33
47111,GMC,Canyon,2024,4WD,ICEV,Pickup Truck,39300,4430.0,310,,0,18,22,0,0,,0,0.0,0.0,AWD,,,,11.83
47596,GMC,Canyon,2024,Mud Terrain Tires 4WD,ICEV,Pickup Truck,39300,4430.0,310,,0,17,20,0,0,,0,0.0,0.0,AWD,,,,12.83
47595,GMC,Canyon,2024,AT4X AEV 4WD,ICEV,Pickup Truck,65995,5278.0,310,,0,16,16,0,0,,0,0.0,0.0,AWD,0.0,0.0,,14.5
48343,GMC,Hummer EV,2025,Hummer EV,BEV,Pickup Truck,96550,9063.0,570,199.06,0,59,47,0,0,,318,0.0,0.0,AWD,0.0,0.0,155.27,
48229,GMC,Sierra,2025,4WD ICEV_Diesel,ICEV_Diesel,Pickup Truck,66800,5030.0,305,,0,22,26,0,0,,0,0.0,0.0,AWD,0.0,0.0,,9.83
48205,GMC,Sierra,2025,2WD,ICEV,Pickup Truck,38945,4290.0,310,,0,18,21,0,0,,0,0.0,0.0,RWD,,,,12.0
48233,GMC,Sierra,2025,4WD ICEV 4Cyl,ICEV,Pickup Truck,52300,4960.0,310,,0,17,19,0,0,,0,0.0,0.0,AWD,,,,13.0
48235,GMC,Sierra,2025,4WD ICEV 8Cyl,ICEV,Pickup Truck,45585,,355,,0,15,19,11,14,,0,0.0,0.0,AWD,,,,14.0
48251,GMC,Sierra,2025,Cab Chassis 4WD,ICEV,Other,49595,4290.0,355,,0,14,16,0,0,,0,0.0,0.0,AWD,,,,26.0
46592,GMC,Terrain,2024,FWD,ICEV,Compact SUV,28700,3419.0,175,,0,24,29,0,0,,0,0.0,0.0,FWD,,,,17.17
46598,GMC,Terrain,2024,AWD,ICEV,Compact SUV,30300,3419.0,175,,0,23,28,0,0,,0,0.0,0.0,AWD,,,,17.83
47433,GMC,Yukon,2024,4WD ICEV_Diesel,ICEV_Diesel,Midsize/Large SUV,61200,5827.0,277,,0,20,26,0,0,,0,0.0,0.0,AWD,0.0,0.0,,17.5
47404,GMC,Yukon,2024,2WD,ICEV,Midsize/Large SUV,58200,5827.0,355,,0,15,20,0,0,,0,0.0,0.0,RWD,0.0,0.0,,22.83
47428,GMC,Yukon,2024,4WD ICEV,ICEV,Midsize/Large SUV,61200,5827.0,355,,0,15,20,0,0,,0,0.0,0.0,AWD,0.0,0.0,,22.83
47707,Genesis,G70,2025,RWD,ICEV,Compact Car,42000,3774.0,300,,1,21,29,0,0,,0,0.0,0.0,RWD,,,,21.5
47706,Genesis,G70,2025,AWD 4Cyl,ICEV,Compact Car,44100,3774.0,300,,1,20,28,0,0,,0,0.0,0.0,AWD,,,,22.5
47704,Genesis,G70,2025,AWD 6Cyl,ICEV,Compact Car,44100,3911.0,365,,1,17,23,0,0,,0,0.0,0.0,AWD,,,,26.67
48351,Genesis,G80,2025,Electrified,BEV,Midsize/Large Car,76000,4619.0,365,94.5,0,105,89,0,0,,282,0.0,0.0,AWD,0.0,0.0,83.16,
48038,Genesis,G80,2025,AWD 4Cyl,ICEV,Midsize/Large Car,57100,4619.0,300,,1,20,29,0,0,,0,0.0,0.0,AWD,0.0,0.0,,19.17
48039,Genesis,G80,2025,AWD 6Cyl,ICEV,Midsize/Large Car,58350,4619.0,375,,1,16,24,0,0,,0,0.0,0.0,AWD,0.0,0.0,,23.5
48040,Genesis,G90,2025,G90,ICEV,Midsize/Large Car,89700,5351.0,375,,1,18,26,0,0,,0,0.0,0.0,AWD,0.0,0.0,,21.17
48352,Genesis,GV60,2025,RWD,BEV,Compact SUV,52350,4696.0,294,77.4,0,125,99,0,0,,294,0.0,0.0,RWD,,,65.53,
48356,Genesis,GV60,2025,AWD (19 inch Wheels),BEV,Compact SUV,55850,4696.0,429,77.4,0,110,90,0,0,,264,0.0,0.0,AWD,,,72.76,
48353,Genesis,GV70,2025,Electrified,BEV,Compact SUV,66950,4982.0,429,77.4,0,98,83,0,0,,236,0.0,0.0,AWD,,,81.01,
47731,Genesis,GV70,2025,AWD 4Cyl,ICEV,Compact SUV,45700,4167.0,300,,1,22,28,0,0,,0,0.0,0.0,AWD,,,,18.33
47732,Genesis,GV70,2025,AWD 6Cyl,ICEV,Compact SUV,45700,4275.0,375,,1,18,24,0,0,,0,0.0,0.0,AWD,,,,21.83
47751,Genesis,GV80,2025,4Cyl,ICEV,Midsize/Large SUV,57700,4850.0,300,,1,19,24,0,0,,0,0.0,0.0,AWD,0.0,0.0,,18.5
47752,Genesis,GV80,2025,6Cyl,ICEV,Midsize/Large SUV,57700,4850.0,375,,1,16,22,0,0,,0,0.0,0.0,AWD,0.0,0.0,,21.33
48504,Honda,Accord,2025,Accord,ICEV,Midsize/Large Car,29390,3239.0,192,,0,29,37,0,0,,0,0.0,0.0,FWD,,,,13.5
47957,Honda,CR-V,2025,AWD HEV,HEV,Compact SUV,31600,3635.0,204,,0,40,34,0,0,,0,0.0,0.0,AWD,,,,11.67
47949,Honda,CR-V,2025,FWD,ICEV,Compact SUV,30100,3635.0,190,,0,28,34,0,0,,0,0.0,0.0,FWD,,,,14.17
47956,Honda,CR-V,2025,AWD ICEV,ICEV,Compact SUV,31600,3635.0,190,,0,26,31,0,0,,0,0.0,0.0,AWD,,,,15.83
48016,Honda,Civic,2025,4Dr,ICEV,Midsize/Large Car,24250,2935.0,150,,0,32,41,0,0,,0,0.0,0.0,FWD,,,,12.17
48042,Honda,Civic,2025,5Dr,ICEV,Midsize/Large Car,45595,2935.0,150,,1,22,28,0,0,,0,0.0,0.0,FWD,,,,18.33
47783,Honda,HR-V,2025,FWD,ICEV,Compact Car,25100,3159.0,158,,0,26,32,0,0,,0,0.0,0.0,FWD,,,,18.33
47782,Honda,HR-V,2025,AWD,ICEV,Compact Car,26600,3333.0,158,,0,25,30,0,0,,0,0.0,0.0,AWD,,,,19.17
48254,Honda,Odyssey,2025,Odyssey,ICEV,Minivan/Van,41920,4526.0,280,,0,19,28,0,0,,0,0.0,0.0,FWD,,,,13.67
48092,Honda,Passport,2025,Passport,ICEV,Compact SUV,42400,4236.0,280,,0,19,24,0,0,,0,0.0,0.0,AWD,,,,21.17
47728,Honda,Pilot,2025,FWD,ICEV,Compact SUV,39900,4313.0,285,,0,19,27,0,0,,0,0.0,0.0,FWD,,,,20.17
47753,Honda,Pilot,2025,AWD,ICEV,Midsize/Large SUV,42000,4488.0,285,,0,19,25,0,0,,0,0.0,0.0,AWD,,,,18.33
47828,Honda,Prologue,2024,FWD,BEV,Midsize/Large SUV,47400,4932.0,212,85.0,0,107,91,0,0,,296,0.0,0.0,FWD,,,71.4,
47830,Honda,Prologue,2024,AWD Touring,BEV,Midsize/Large SUV,54700,5207.0,288,85.0,0,101,88,0,0,,281,0.0,0.0,AWD,,,74.8,
48246,Honda,Ridgeline,2025,Ridgeline,ICEV,Pickup Truck,40150,4420.0,280,,0,18,24,0,0,,0,0.0,0.0,AWD,,,,11.5
48020,Hyundai,Elantra,2025,,ICEV,Midsize/Large Car,21875,2725.0,147,,0,32,41,0,0,,0,0.0,0.0,FWD,,,,12.17
48025,Hyundai,Elantra,2025,N,ICEV,Midsize/Large Car,35100,3186.0,276,,1,21,29,0,0,,0,0.0,0.0,FWD,,,,18.5
48360,Hyundai,Ioniq 5,2025,Ioniq 5,BEV,Compact SUV,66100,4861.0,641,84.0,0,84,72,0,0,,221,0.0,0.0,AWD,,,94.08,
46962,Hyundai,Ioniq 5,2024,Ioniq 5,BEV,Compact SUV,41650,4297.0,320,77.4,0,110,88,0,0,,260,0.0,0.0,AWD,,,73.79,
48362,Hyundai,Ioniq 6,2025,RWD (18 inch Wheels),BEV,Midsize/Large Car,38900,4376.0,149,53.0,0,144,120,0,0,,342,0.0,0.0,RWD,,,38.51,
48361,Hyundai,Ioniq 6,2025,AWD (18 inch Wheels),BEV,Midsize/Large Car,38900,4376.0,320,77.4,0,130,111,0,0,,316,0.0,0.0,AWD,,,60.89,
48357,Hyundai,Kona,2025,Electric (17 inch Wheels),BEV,Compact SUV,34270,3571.0,133,64.8,0,129,103,0,0,,261,0.0,0.0,FWD,,,61.34,
47953,Hyundai,Kona,2025,FWD,ICEV,Compact SUV,24350,3053.0,147,,0,29,34,0,0,,0,0.0,0.0,FWD,,,,13.83
47960,Hyundai,Kona,2025,AWD 2.0L,ICEV,Compact SUV,25850,3053.0,147,,0,27,29,0,0,,0,0.0,0.0,AWD,,,,16.0
48093,Hyundai,Kona,2025,AWD 1.6L,ICEV,Compact SUV,25850,3505.0,190,,0,24,29,0,0,,0,0.0,0.0,AWD,,,,17.17
47951,Hyundai,Palisade,2025,FWD,ICEV,Compact SUV,36800,4171.0,291,,0,19,26,0,0,,0,0.0,0.0,FWD,,,,20.5
47958,Hyundai,Palisade,2025,AWD,ICEV,Compact SUV,38800,4301.0,291,,0,19,24,0,0,,0,0.0,0.0,AWD,,,,21.17
48257,Hyundai,Santa Cruz,2025,FWD,ICEV,Compact SUV,29895,3921.0,191,,0,22,30,0,0,,0,0.0,0.0,FWD,,,,17.83
48266,Hyundai,Santa Cruz,2025,AWD,ICEV,Compact SUV,29895,3922.0,191,,0,21,29,0,0,,0,0.0,0.0,AWD,,,,18.5
48270,Hyundai,Santa Cruz,2025,XRT AWD,ICEV,Compact SUV,41395,4228.0,281,,0,18,26,0,0,,0,0.0,0.0,AWD,,,,21.17
48265,Hyundai,Santa Fe,2025,Hybrid AWD,HEV,Compact SUV,39000,4575.0,231,,0,35,34,0,0,,0,0.0,0.0,AWD,,,,12.5
48258,Hyundai,Santa Fe,2025,FWD,ICEV,Compact SUV,34200,4343.0,277,,0,20,29,0,0,,0,0.0,0.0,FWD,,,,19.17
48269,Hyundai,Santa Fe,2025,AWD,ICEV,Compact SUV,36000,4343.0,277,,0,20,28,0,0,,0,0.0,0.0,AWD,,,,19.33
48045,Hyundai,Sonata,2025,FWD,ICEV,Midsize/Large Car,27800,3534.0,191,,0,28,38,0,0,,0,0.0,0.0,FWD,,,,13.67
48043,Hyundai,Sonata,2025,AWD,ICEV,Midsize/Large Car,30400,3466.0,191,,0,25,34,0,0,,0,0.0,0.0,AWD,,,,15.67
48272,Hyundai,Tucson,2025,Hybrid Blue,HEV,Compact SUV,33115,3770.0,231,,0,38,38,0,0,,0,0.0,0.0,AWD,,,,11.33
47789,Hyundai,Tucson,2025,FWD,ICEV,Compact SUV,28355,3429.0,187,,0,25,33,0,0,,0,0.0,0.0,FWD,,,,15.83
47793,Hyundai,Tucson,2025,AWD,ICEV,Compact SUV,29855,3640.0,187,,0,24,30,0,0,,0,0.0,0.0,AWD,,,,16.83
47495,Hyundai,Tucson,2024,Tucson,PHEV,Compact SUV,38725,4115.0,261,13.8,0,35,35,87,74,,420,0.636,0.583,AWD,,,7.91,12.33
46864,Hyundai,Venue,2024,Venue,ICEV,Compact SUV,19900,2612.0,121,,0,29,33,0,0,,0,0.0,0.0,FWD,,,,14.0
48557,INEOS Automotive,Grenadier,2025,Grenadier,ICEV,Midsize/Large SUV,76700,5875.0,282,,1,15,15,0,0,,0,0.0,0.0,AWD,0.0,0.0,,25.83
47573,Infiniti,Q50,2024,,ICEV,Midsize/Large Car,43050,3781.0,300,,1,20,29,0,0,,0,0.0,0.0,RWD,,,,19.17
47574,Infiniti,Q50,2024,AWD,ICEV,Midsize/Large Car,45050,4003.0,400,,1,19,27,0,0,,0,0.0,0.0,AWD,,,,20.17
48520,Infiniti,QX50,2025,,ICEV,Compact SUV,44350,4164.0,268,,1,23,29,0,0,,0,0.0,0.0,FWD,,,,17.5
48529,Infiniti,QX50,2025,AWD,ICEV,Compact SUV,43000,4164.0,268,,1,22,28,0,0,,0,0.0,0.0,AWD,,,,18.33
48094,Infiniti,QX55,2025,QX55,ICEV,Compact SUV,50150,4015.0,268,,1,22,28,0,0,,0,0.0,0.0,AWD,,,,18.33
48284,Infiniti,QX60,2025,FWD,ICEV,Midsize/Large SUV,50200,4393.0,268,,1,22,28,0,0,,0,0.0,0.0,FWD,,,,16.0
48290,Infiniti,QX60,2025,AWD,ICEV,Midsize/Large SUV,52200,4645.0,268,,1,22,27,0,0,,0,0.0,0.0,AWD,,,,16.33
48285,Infiniti,QX80,2025,2WD,ICEV,Midsize/Large SUV,82450,5701.0,450,,1,16,20,0,0,,0,0.0,0.0,RWD,0.0,0.0,,22.0
48291,Infiniti,QX80,2025,4WD,ICEV,Midsize/Large SUV,85550,5701.0,450,,1,16,19,0,0,,0,0.0,0.0,AWD,0.0,0.0,,22.5
46897,Infiniti,QX80,2024,QX80,ICEV,Midsize/Large SUV,77300,5971.0,400,,1,13,19,0,0,,0,0.0,0.0,AWD,0.0,0.0,,25.5
46451,Jaguar,E-Pace,2024,E-Pace,ICEV,Compact SUV,49500,3925.0,246,,1,20,26,0,0,,0,0.0,0.0,AWD,,,,19.83
47733,Jaguar,F-Pace,2025,,ICEV,Compact SUV,68953,4015.0,246,,1,22,27,0,0,,0,0.0,0.0,AWD,0.0,0.0,,18.5
47734,Jaguar,F-Pace,2025,SVR,ICEV,Compact SUV,92400,4015.0,567,,1,15,21,0,0,,0,0.0,0.0,AWD,0.0,0.0,,25.67
46447,Jaguar,F-Type,2024,P450 RWD Convertible,ICEV,Two Seater,79900,3785.0,444,,1,17,24,0,0,,0,0.0,0.0,RWD,0.0,0.0,,26.33
46449,Jaguar,F-Type,2024,P450 AWD R-Dynamic Convertible,ICEV,Two Seater,91900,3760.0,444,,1,16,24,0,0,,0,0.0,0.0,AWD,0.0,0.0,,27.33
46963,Jaguar,I-Pace,2024,I-Pace,BEV,Compact SUV,72000,4784.0,394,90.0,0,89,82,0,0,,246,0.0,0.0,AWD,0.0,0.0,90.6,
46665,Jaguar,XF,2024,P250,ICEV,Midsize/Large Car,49800,3655.0,246,,1,23,30,0,0,,0,0.0,0.0,RWD,,,,17.33
47076,Jaguar,XF,2024,P300 AWD,ICEV,Midsize/Large Car,53500,3845.0,296,,1,21,28,0,0,,0,0.0,0.0,AWD,,,,18.83
48095,Jeep,Compass,2025,Compass,ICEV,Compact SUV,34165,3620.0,200,,0,24,32,0,0,,0,0.0,0.0,AWD,,,,16.5
48513,Jeep,Gladiator,2025,Gladiator,ICEV,Pickup Truck,39995,4662.0,285,,0,17,22,0,0,,0,0.0,0.0,AWD,,,,12.33
48552,Jeep,Grand Cherokee,2025,2WD,ICEV,Midsize/Large SUV,38830,4238.0,293,,0,19,26,0,0,,0,0.0,0.0,RWD,,,,18.0
48564,Jeep,Grand Cherokee,2025,4WD,ICEV,Midsize/Large SUV,40830,4618.0,293,,0,19,26,0,0,,0,0.0,0.0,AWD,,,,18.0
47277,Jeep,Grand Cherokee,2024,4xe,PHEV,Midsize/Large SUV,59865,5368.0,375,17.3,0,23,24,57,56,,470,0.538,0.534,AWD,,,8.88,16.67
47434,Jeep,Grand Cherokee,2024,L 4WD,ICEV,Midsize/Large SUV,43535,4524.0,357,,0,14,22,0,0,,0,0.0,0.0,AWD,,,,23.17
48559,Jeep,Grand Wagoneer,2025,Grand Wagoneer,ICEV,Midsize/Large SUV,86945,6340.0,420,,1,14,20,0,0,,0,0.0,0.0,AWD,0.0,0.0,,23.83
46898,Jeep,Grand Wagoneer,2024,Grand Wagoneer,ICEV,Midsize/Large SUV,91945,6621.0,510,,1,13,18,0,0,,0,0.0,0.0,AWD,0.0,0.0,,26.0
48549,Jeep,Wagoneer,2025,2WD,ICEV,Midsize/Large SUV,59945,6244.0,420,,0,17,24,0,0,,0,0.0,0.0,RWD,0.0,0.0,,19.83
48561,Jeep,Wagoneer,2025,4WD,ICEV,Midsize/Large SUV,61945,5960.0,420,,0,16,23,0,0,,0,0.0,0.0,AWD,0.0,0.0,,21.0
48530,Jeep,Wrangler,2025,2dr 4WD,ICEV,Compact SUV,102000,4012.0,270,,0,20,23,0,0,,0,0.0,0.0,AWD,0.0,0.0,,20.83
48533,Jeep,Wrangler,2025,4dr 4WD,ICEV,Compact SUV,33990,4285.0,285,,0,16,22,0,0,,0,0.0,0.0,AWD,,,,24.17
47278,Jeep,Wrangler,2024,4dr 4xe,PHEV,Compact SUV,50695,5049.0,375,17.3,0,20,20,52,45,,370,0.498,0.472,AWD,,,11.65,22.17
46727,Jeep,Wrangler,2024,4dr 4WD,ICEV,Compact SUV,36595,5268.0,470,,1,13,16,0,0,,0,0.0,0.0,AWD,,,,31.5
47784,Kia,Carnival,2025,Carnival,ICEV,Minivan/Van,36500,4431.0,287,,0,18,26,0,0,,0,0.0,0.0,FWD,,,,14.5
46965,Kia,EV6,2024,Long Range RWD,BEV,Compact SUV,45950,4502.0,225,77.4,0,134,101,0,0,,310,0.0,0.0,RWD,,,61.92,
46969,Kia,EV6,2024,Long Range AWD (19 inch Wheels),BEV,Compact SUV,49850,4502.0,320,77.4,0,120,98,0,0,,282,0.0,0.0,AWD,,,68.11,
48366,Kia,EV9,2025,Long Range RWD,BEV,Midsize/Large SUV,59900,5313.0,201,99.8,0,100,78,0,0,,304,0.0,0.0,RWD,,,81.84,
48368,Kia,EV9,2025,Long Range AWD,BEV,Midsize/Large SUV,61395,5302.0,379,99.8,0,91,75,0,0,,280,0.0,0.0,AWD,,,88.49,
47079,Kia,Forte,2024,FE,ICEV,Midsize/Large Car,21145,2908.0,147,,0,30,41,0,0,,0,0.0,0.0,FWD,,,,12.67
47077,Kia,Forte,2024,,ICEV,Midsize/Large Car,19990,2908.0,201,,0,22,31,0,0,,0,0.0,0.0,FWD,,,,17.67
48180,Kia,K4,2025,K4,ICEV,Midsize/Large Car,23145,2956.0,147,,0,30,40,0,0,,0,0.0,0.0,FWD,,,,12.83
47719,Kia,K5,2025,,ICEV,Midsize/Large Car,26990,3230.0,191,,0,26,37,0,0,,0,0.0,0.0,FWD,,,,14.33
47717,Kia,K5,2025,AWD,ICEV,Midsize/Large Car,29590,3230.0,191,,0,24,33,0,0,,0,0.0,0.0,AWD,,,,16.33
48370,Kia,Niro,2025,Niro,BEV,Compact SUV,40975,3721.0,201,64.8,0,126,101,0,0,,253,0.0,0.0,FWD,,,63.5,
47954,Kia,Seltos,2025,FWD,ICEV,Compact SUV,25090,2936.0,146,,0,28,34,0,0,,0,0.0,0.0,FWD,,,,14.17
47962,Kia,Seltos,2025,AWD 2.0L,ICEV,Compact SUV,24590,3109.0,146,,0,27,31,0,0,,0,0.0,0.0,AWD,,,,15.0
47961,Kia,Seltos,2025,AWD 1.6L,ICEV,Compact SUV,24590,3247.0,195,,0,24,27,0,0,,0,0.0,0.0,AWD,,,,17.67
47736,Kia,Sorento,2025,Hybrid AWD,HEV,Compact SUV,40490,4211.0,227,,0,34,34,0,0,,0,0.0,0.0,AWD,,,,12.67
48068,Kia,Sorento,2025,FWD,ICEV,Compact SUV,31990,3975.0,191,,0,23,31,0,0,,0,0.0,0.0,FWD,,,,17.17
48100,Kia,Sorento,2025,AWD,ICEV,Compact SUV,36590,3975.0,191,,0,23,28,0,0,,0,0.0,0.0,AWD,,,,17.83
47496,Kia,Sorento,2024,Sorento,PHEV,Compact SUV,49990,4140.0,261,13.8,0,35,33,83,75,,460,0.624,0.585,AWD,,,7.27,12.67
47943,Kia,Soul,2025,Soul,ICEV,Compact Car,20290,2888.0,147,,0,29,35,0,0,,0,0.0,0.0,FWD,,,,16.5
48097,Kia,Sportage,2025,Hybrid AWD,HEV,Compact SUV,30390,4229.0,227,,0,38,38,0,0,,0,0.0,0.0,AWD,,,,11.33
48065,Kia,Sportage,2025,FWD,ICEV,Compact SUV,27190,3661.0,187,,0,25,32,0,0,,0,0.0,0.0,FWD,,,,16.17
48102,Kia,Sportage,2025,X-pro,ICEV,Compact SUV,32090,3741.0,187,,0,23,30,0,0,,0,0.0,0.0,AWD,,,,17.33
47497,Kia,Sportage,2024,Sportage,PHEV,Compact SUV,39590,4229.0,261,13.8,0,36,35,88,79,,430,0.64,0.598,AWD,,,7.73,12.17
48521,Kia,Telluride,2025,FWD,ICEV,Compact SUV,37585,4134.0,291,,0,20,26,0,0,,0,0.0,0.0,FWD,,,,19.83
48534,Kia,Telluride,2025,AWD,ICEV,Compact SUV,37585,4248.0,291,,0,18,23,0,0,,0,0.0,0.0,AWD,,,,22.17
46635,Lamborghini,Huracan,2024,Coupe 2WD,ICEV,Two Seater,249865,3423.0,631,,1,13,18,0,0,,0,0.0,0.0,RWD,0.0,0.0,,35.0
46633,Lamborghini,Huracan,2024,Spyder,ICEV,Two Seater,302939,3642.0,631,,1,13,18,0,0,,0,0.0,0.0,AWD,0.0,0.0,,35.0
46680,Lamborghini,Urus,2024,Urus,ICEV,Compact Car,269885,4740.0,657,,1,14,19,0,0,,0,0.0,0.0,AWD,0.0,0.0,,32.83
48131,Land Rover,Defender,2025,4Cyl,ICEV,Midsize/Large SUV,56900,4550.0,296,,1,18,21,0,0,,0,0.0,0.0,AWD,,,,20.17
48565,Land Rover,Defender,2025,8Cyl,ICEV,Midsize/Large SUV,56900,5620.0,518,,1,15,19,0,0,,0,0.0,0.0,AWD,,,,23.33
48123,Land Rover,Discovery,2025,Discovery,ICEV,Midsize/Large SUV,60200,5145.0,296,,1,19,24,0,0,,0,0.0,0.0,AWD,0.0,0.0,,18.5
47737,Land Rover,Range Rover,2025,Velar,ICEV,Compact SUV,62875,4130.0,247,,1,22,26,0,0,,0,0.0,0.0,AWD,0.0,0.0,,18.83
48124,Land Rover,Range Rover,2025,MHEV,ICEV,Midsize/Large SUV,107900,5090.0,523,,1,16,23,0,0,,0,0.0,0.0,AWD,0.0,0.0,,21.0
48183,Lexus,ES,2025,ES,ICEV,Midsize/Large Car,42040,3780.0,203,,0,24,33,0,0,,0,0.0,0.0,AWD,,,,16.33
47686,Lexus,GX,2024,GX,ICEV,Midsize/Large SUV,62900,5467.0,349,,1,15,21,0,0,,0,0.0,0.0,AWD,0.0,0.0,,22.5
47329,Lexus,IS,2024,300,ICEV,Compact Car,40085,3847.0,241,,1,21,31,0,0,,0,0.0,0.0,RWD,,,,21.0
47325,Lexus,IS,2024,300 AWD,ICEV,Compact Car,42085,3847.0,260,,1,19,26,0,0,,0,0.0,0.0,AWD,,,,23.83
46651,Lexus,LC,2024,LC,ICEV,Compact Car,98450,4340.0,471,,1,16,24,0,0,,0,0.0,0.0,RWD,0.0,0.0,,27.33
47351,Lexus,LS,2024,LS,HEV,Midsize/Large Car,114210,5093.0,354,,1,22,29,0,0,,0,0.0,0.0,AWD,0.0,0.0,,18.0
47435,Lexus,LX,2024,LX,ICEV,Midsize/Large SUV,92565,5665.0,409,,1,17,22,0,0,,0,0.0,0.0,AWD,0.0,0.0,,20.5
47795,Lexus,NX,2025,350h AWD,HEV,Compact SUV,45125,4080.0,240,,1,41,37,0,0,,0,0.0,0.0,AWD,,,,11.0
47790,Lexus,NX,2025,250,ICEV,Compact SUV,40815,3660.0,203,,0,26,33,0,0,,0,0.0,0.0,FWD,,,,15.0
47794,Lexus,NX,2025,250 AWD,ICEV,Compact SUV,42415,3790.0,203,,0,25,32,0,0,,0,0.0,0.0,AWD,,,,16.17
47797,Lexus,NX,2025,350 AWD,ICEV,Compact SUV,44575,4035.0,275,,1,21,28,0,0,,0,0.0,0.0,AWD,,,,18.83
47498,Lexus,NX,2024,NX,PHEV,Compact SUV,58755,4475.0,304,18.1,1,38,33,93,75,,550,0.686,0.618,AWD,,,7.96,12.17
47321,Lexus,RC,2024,300,ICEV,Compact Car,44770,3737.0,241,,1,21,31,0,0,,0,0.0,0.0,RWD,,,,21.0
47318,Lexus,RC,2024,300 AWD,ICEV,Compact Car,47460,3891.0,260,,1,19,26,0,0,,0,0.0,0.0,AWD,,,,23.83
47149,Lexus,RX,2024,350h AWD,HEV,Compact SUV,50750,4455.0,246,,1,37,34,0,0,,0,0.0,0.0,AWD,,,,12.17
47137,Lexus,RX,2024,350,ICEV,Compact SUV,48600,4287.0,275,,1,22,29,0,0,,0,0.0,0.0,FWD,,,,18.0
47150,Lexus,RX,2024,350 AWD,ICEV,Compact SUV,50200,4287.0,275,,1,21,28,0,0,,0,0.0,0.0,AWD,,,,18.83
47832,Lexus,RZ,2024,300e (18 inch wheels),BEV,Compact SUV,54000,4277.0,201,72.8,0,137,112,0,0,,266,0.0,0.0,FWD,,,67.95,
47834,Lexus,RZ,2024,450e AWD (18 inch wheels),BEV,Compact SUV,58700,4619.0,308,71.4,0,115,98,0,0,,220,0.0,0.0,AWD,,,79.97,
47272,Lexus,TX,2024,500h AWD,HEV,Midsize/Large SUV,68000,4970.0,366,,1,27,28,0,0,,0,0.0,0.0,AWD,0.0,0.0,,13.83
47263,Lexus,TX,2024,350,ICEV,Midsize/Large SUV,53700,4420.0,275,,1,21,27,0,0,,0,0.0,0.0,FWD,,,,16.67
47273,Lexus,TX,2024,350 AWD,ICEV,Midsize/Large SUV,55300,4420.0,275,,1,20,26,0,0,,0,0.0,0.0,AWD,,,,17.5
47709,Lexus,UX,2025,UX,HEV,Compact Car,37910,3455.0,196,,0,44,40,0,0,,0,0.0,0.0,AWD,,,,12.0
46568,Lexus,UX,2024,250h,ICEV,Compact Car,35540,3483.0,181,,0,43,41,0,0,,0,0.0,0.0,FWD,,,,12.0
46569,Lexus,UX,2024,250h AWD,ICEV,Compact Car,36940,3483.0,181,,0,41,38,0,0,,0,0.0,0.0,AWD,,,,12.67
48112,Lincoln,Aviator,2025,RWD,ICEV,Midsize/Large SUV,58495,4852.0,400,,0,18,25,0,0,,0,0.0,0.0,RWD,0.0,0.0,,18.83
48132,Lincoln,Aviator,2025,AWD,ICEV,Midsize/Large SUV,60995,4852.0,400,,0,17,25,0,0,,0,0.0,0.0,AWD,0.0,0.0,,19.5
47632,Lincoln,Corsair,2024,FWD,ICEV,Compact SUV,38990,3685.0,250,,0,22,30,0,0,,0,0.0,0.0,FWD,,,,17.83
47660,Lincoln,Corsair,2024,AWD,ICEV,Compact SUV,41290,3836.0,250,,0,21,28,0,0,,0,0.0,0.0,AWD,,,,18.83
48535,Lincoln,Nautilus,2025,HEV AWD,HEV,Compact SUV,55385,4349.0,250,,0,30,31,0,0,,0,0.0,0.0,AWD,,,,14.17
48536,Lincoln,Nautilus,2025,AWD,ICEV,Compact SUV,53485,4349.0,250,,0,21,29,0,0,,0,0.0,0.0,AWD,,,,18.5
47207,Lincoln,Navigator,2024,Navigator,ICEV,Midsize/Large SUV,83265,5855.0,440,,0,16,22,0,0,,0,0.0,0.0,AWD,0.0,0.0,,21.33
48453,Lotus,Emira,2024,Emira,ICEV,Two Seater,107750,3284.0,400,,0,18,26,0,0,,0,0.0,0.0,RWD,0.0,0.0,,24.67
48371,Lucid,Air,2025,Air,BEV,Midsize/Large Car,95000,5009.0,819,92.0,0,129,126,0,0,,512,0.0,0.0,AWD,0.0,0.0,43.55,
46570,MINI,Clubman,2024,Cooper S,ICEV,Midsize/Large Car,34050,3333.0,189,,1,25,35,0,0,,0,0.0,0.0,FWD,,,,15.0
46574,MINI,Clubman,2024,Cooper S All4,ICEV,Midsize/Large Car,36150,3534.0,189,,1,23,32,0,0,,0,0.0,0.0,AWD,,,,17.0
47995,MINI,Cooper,2025,Cooper,ICEV,Compact Car,33200,3014.0,201,,1,28,39,0,0,,0,0.0,0.0,FWD,,,,16.17
46972,MINI,Cooper,2024,SE Hardtop 2 door,BEV,Compact Car,30900,3143.0,181,32.6,0,119,100,0,0,,114,0.0,0.0,FWD,,,71.5,
46464,MINI,Cooper,2024,S Convertible,ICEV,Compact Car,38400,3018.0,189,,1,23,33,0,0,,0,0.0,0.0,FWD,,,,19.5
48398,MINI,Countryman,2025,SE ALL4 (18 inch Wheels),BEV,Compact SUV,45200,4400.0,308,63.8,0,99,94,0,0,,212,0.0,0.0,AWD,,,74.43,
47799,MINI,Countryman,2025,S All4,ICEV,Compact SUV,38900,3777.0,241,,1,24,32,0,0,,0,0.0,0.0,AWD,,,,16.5
47800,MINI,John Cooper Works,2025,John Cooper Works,ICEV,Compact SUV,46900,3836.0,228,,1,23,30,0,0,,0,0.0,0.0,AWD,,,,17.33
46667,Maserati,Ghibli,2024,GT,ICEV,Midsize/Large Car,85300,4715.0,345,,1,18,25,0,0,,0,0.0,0.0,RWD,0.0,0.0,,21.5
47239,Maserati,Ghibli,2024,Modena AWD,ICEV,Midsize/Large Car,92100,4715.0,424,,1,17,25,0,0,,0,0.0,0.0,AWD,0.0,0.0,,22.33
46613,Maserati,GranTurismo,2024,GranTurismo,ICEV,Compact Car,159995,4072.0,483,,1,18,27,0,0,,0,0.0,0.0,AWD,0.0,0.0,,24.33
47842,Maserati,Grancabrio,2024,Folgore,BEV,Compact Car,206995,5249.0,818,83.0,0,84,80,0,0,,233,0.0,0.0,AWD,0.0,0.0,87.98,
47560,Maserati,Grancabrio,2024,Trofeo,ICEV,Compact Car,188000,4072.0,542,,1,17,26,0,0,,0,0.0,0.0,AWD,0.0,0.0,,25.67
47843,Maserati,Granturismo,2024,Granturismo,BEV,Compact Car,193995,4982.0,761,92.5,0,90,85,0,0,,242,0.0,0.0,AWD,0.0,0.0,94.35,
48380,Maserati,Grecale,2025,Folgore (20 inch Wheels),BEV,Compact SUV,110495,5467.0,550,105.0,0,80,70,0,0,,245,0.0,0.0,AWD,0.0,0.0,105.7,
48105,Maserati,Grecale,2025,Modena,ICEV,Compact SUV,77995,4178.0,325,,1,22,28,0,0,,0,0.0,0.0,AWD,0.0,0.0,,18.33
46732,Maserati,Grecale,2024,Grecale,ICEV,Compact SUV,103995,4650.0,523,,1,18,25,0,0,,0,0.0,0.0,AWD,0.0,0.0,,21.5
46748,Maserati,Levante,2024,GT,ICEV,Midsize/Large SUV,102000,4994.0,345,,1,16,22,0,0,,0,0.0,0.0,AWD,0.0,0.0,,21.33
46749,Maserati,Levante,2024,Modena V8,ICEV,Midsize/Large SUV,188000,4994.0,580,,1,13,20,0,0,,0,0.0,0.0,AWD,0.0,0.0,,25.0
48148,Maserati,MC20,2025,MC20,ICEV,Two Seater,243000,621.0,3306,,1,15,25,0,0,,0,0.0,0.0,RWD,0.0,0.0,,28.17
46678,Maserati,Quattroporte,2024,GT,ICEV,Midsize/Large Car,108400,4233.0,424,,1,16,25,0,0,,0,0.0,0.0,RWD,0.0,0.0,,23.17
46676,Maserati,Quattroporte,2024,Modena AWD,ICEV,Midsize/Large Car,139000,4233.0,424,,1,17,25,0,0,,0,0.0,0.0,AWD,0.0,0.0,,22.33
47989,Mazda,3,2025,4-Door 2WD,ICEV,Compact Car,23950,3124.0,191,,0,27,37,0,0,,0,0.0,0.0,FWD,,,,16.83
47990,Mazda,3,2025,4-Door 4WD,ICEV,Compact Car,29410,3124.0,191,,0,26,35,0,0,,0,0.0,0.0,AWD,,,,17.67
47383,Mazda,CX-30,2024,CX-30,ICEV,Compact SUV,24995,3419.0,191,,0,26,33,0,0,,0,0.0,0.0,AWD,,,,15.0
48538,Mazda,CX-5,2025,CX-5,ICEV,Compact SUV,29900,3679.0,187,,0,26,30,0,0,,0,0.0,0.0,AWD,,,,16.17
48273,Mazda,CX-50,2025,CX-50,ICEV,Compact SUV,30300,3741.0,187,,0,25,31,0,0,,0,0.0,0.0,AWD,,,,16.33
48293,Mazda,CX-70,2025,CX-70,ICEV,Midsize/Large SUV,40445,5198.0,340,,0,24,28,0,0,,0,0.0,0.0,AWD,,,,14.67
48568,Mazda,CX-90,2025,CX-90,ICEV,Midsize/Large SUV,39300,4735.0,280,,0,24,28,0,0,,0,0.0,0.0,AWD,,,,14.67
47757,Mazda,MX-5,2024,MX-5,ICEV,Two Seater,28985,2368.0,181,,1,26,35,0,0,,0,0.0,0.0,RWD,,,,17.67
48488,Mercedes-Benz,AMG GT,2025,AMG GT,ICEV,Compact Car,72900,4542.0,416,,1,19,27,0,0,,0,0.0,0.0,RWD,0.0,0.0,,23.5
47051,Mercedes-Benz,AMG GT,2024,43 4matic Plus,ICEV,Compact Car,98950,4542.0,362,,1,19,24,0,0,,0,0.0,0.0,AWD,0.0,0.0,,24.67
47338,Mercedes-Benz,AMG GT,2024,63 4matic Plus,ICEV,Compact Car,153350,4343.0,577,,1,15,21,0,0,,0,0.0,0.0,AWD,0.0,0.0,,29.83
47564,Mercedes-Benz,AMG GT,2024,55 4matic Plus (coupe),ICEV,Compact Car,134900,4343.0,469,,1,13,20,0,0,,0,0.0,0.0,AWD,0.0,0.0,,33.83
47992,Mercedes-Benz,C-Class,2025,C300,ICEV,Compact Car,48450,3825.0,255,,1,25,35,0,0,,0,0.0,0.0,RWD,,,,18.17
47993,Mercedes-Benz,C-Class,2025,C300 4matic,ICEV,Compact Car,58730,3957.0,255,,1,24,33,0,0,,0,0.0,0.0,AWD,0.0,0.0,,19.0
48171,Mercedes-Benz,C-Class,2025,AMG C43 4matic,ICEV,Compact Car,62500,4165.0,416,,1,19,27,0,0,,0,0.0,0.0,AWD,0.0,0.0,,23.5
47929,Mercedes-Benz,CLA-Class,2025,CLA250,ICEV,Compact Car,44400,3483.0,221,,1,26,36,0,0,,0,0.0,0.0,FWD,,,,17.5
47928,Mercedes-Benz,CLA-Class,2025,CLA250 4matic,ICEV,Compact Car,46400,3483.0,221,,1,25,34,0,0,,0,0.0,0.0,AWD,,,,18.33
47927,Mercedes-Benz,CLA-Class,2025,AMG CLA35 4matic,ICEV,Compact Car,56100,3505.0,302,,1,22,29,0,0,,0,0.0,0.0,AWD,,,,21.0
48157,Mercedes-Benz,CLE-Class,2025,CLE300 4matic (Coupe),ICEV,Compact Car,58000,4057.0,255,,1,24,33,0,0,,0,0.0,0.0,AWD,0.0,0.0,,19.0
48487,Mercedes-Benz,CLE-Class,2025,AMG CLE53 4matic Plus (coupe),ICEV,Compact Car,74300,4420.0,443,,1,20,27,0,0,,0,0.0,0.0,AWD,0.0,0.0,,22.83
48498,Mercedes-Benz,E-Class,2025,E350,ICEV,Midsize/Large Car,62450,4189.0,255,,1,25,33,0,0,,0,0.0,0.0,RWD,0.0,0.0,,15.83
48499,Mercedes-Benz,E-Class,2025,E350 4matic,ICEV,Midsize/Large Car,64950,4189.0,255,,1,24,33,0,0,,0,0.0,0.0,AWD,0.0,0.0,,16.33
47844,Mercedes-Benz,EQB,2024,250 Plus,BEV,Compact SUV,53050,4652.0,188,70.5,0,114,100,0,0,,251,0.0,0.0,FWD,,,69.56,
47845,Mercedes-Benz,EQB,2024,350 4matic,BEV,Compact SUV,60850,4815.0,288,70.5,0,89,85,0,0,,207,0.0,0.0,AWD,,,84.13,
48384,Mercedes-Benz,EQE,2025,350 Plus,BEV,Midsize/Large Car,77900,5434.0,288,90.6,0,94,94,0,0,,308,0.0,0.0,RWD,0.0,0.0,73.08,
48383,Mercedes-Benz,EQE,2025,350 4matic,BEV,Midsize/Large Car,79050,5576.0,288,90.6,0,87,85,0,0,,267,0.0,0.0,AWD,0.0,0.0,83.96,
48389,Mercedes-Benz,EQS,2025,EQS,BEV,Midsize/Large Car,127350,6327.0,536,118.0,0,93,93,0,0,,371,0.0,0.0,AWD,0.0,0.0,79.45,
48145,Mercedes-Benz,G-Class,2025,G550,ICEV,Midsize/Large SUV,148250,5500.0,443,,1,17,19,0,0,,0,0.0,0.0,AWD,0.0,0.0,,21.67
48570,Mercedes-Benz,G-Class,2025,AMG G63,ICEV,Midsize/Large SUV,179000,5500.0,577,,1,14,16,0,0,,0,0.0,0.0,AWD,0.0,0.0,,26.0
47689,Mercedes-Benz,G-Class,2024,G-Class,ICEV,Midsize/Large SUV,357000,6315.0,585,,1,10,12,0,0,,0,0.0,0.0,AWD,0.0,0.0,,36.17
47947,Mercedes-Benz,GLA-Class,2025,GLA250,ICEV,Other,43000,3494.0,221,,1,26,34,0,0,,0,0.0,0.0,FWD,,,,13.0
47963,Mercedes-Benz,GLA-Class,2025,GLA250 4matic,ICEV,Compact SUV,45000,3450.0,221,,1,25,33,0,0,,0,0.0,0.0,AWD,,,,15.83
47944,Mercedes-Benz,GLA-Class,2025,AMG GLA35 4matic,ICEV,Compact Car,58050,3653.0,302,,1,22,28,0,0,,0,0.0,0.0,AWD,0.0,0.0,,21.17
47948,Mercedes-Benz,GLB-Class,2025,GLB250,ICEV,Other,45800,3638.0,221,,1,25,33,0,0,,0,0.0,0.0,FWD,,,,13.5
47964,Mercedes-Benz,GLB-Class,2025,GLB250 4matic,ICEV,Compact SUV,47800,3759.0,221,,1,24,33,0,0,,0,0.0,0.0,AWD,,,,16.33
47945,Mercedes-Benz,GLB-Class,2025,AMG GLB35 4matic,ICEV,Midsize/Large Car,60100,3869.0,302,,1,21,26,0,0,,0,0.0,0.0,AWD,0.0,0.0,,19.33
48275,Mercedes-Benz,GLC-Class,2025,GLC300 4matic,ICEV,Compact SUV,49250,4167.0,255,,1,23,31,0,0,,0,0.0,0.0,AWD,,,,17.17
48196,Mercedes-Benz,GLC-Class,2025,AMG GLC43 4matic,ICEV,Compact Car,60950,4277.0,416,,1,19,25,0,0,,0,0.0,0.0,AWD,0.0,0.0,,24.17
48106,Mercedes-Benz,GLE-Class,2025,GLE350 4matic,ICEV,Compact SUV,64350,4916.0,255,,1,19,26,0,0,,0,0.0,0.0,AWD,0.0,0.0,,20.5
48138,Mercedes-Benz,GLE-Class,2025,GLE580 4matic,ICEV,Midsize/Large SUV,89200,5368.0,510,,1,15,20,0,0,,0,0.0,0.0,AWD,0.0,0.0,,22.83
48142,Mercedes-Benz,GLS-Class,2025,GLS450 4matic,ICEV,Midsize/Large SUV,89200,5489.0,375,,1,19,24,0,0,,0,0.0,0.0,AWD,0.0,0.0,,18.5
48139,Mercedes-Benz,GLS-Class,2025,GLS580 4matic,ICEV,Midsize/Large SUV,114800,5875.0,510,,1,14,19,0,0,,0,0.0,0.0,AWD,0.0,0.0,,24.33
48193,Mercedes-Benz,S-Class,2025,S500 4matic,ICEV,Midsize/Large Car,118900,4740.0,442,,1,21,31,0,0,,0,0.0,0.0,AWD,0.0,0.0,,18.17
48506,Mercedes-Benz,S-Class,2025,Maybach S680 4matic,ICEV,Midsize/Large Car,240500,5346.0,621,,1,12,20,0,0,,0,0.0,0.0,AWD,0.0,0.0,,30.17
48481,Mercedes-Benz,SL-Class,2025,AMG SL43,ICEV,Compact Car,111950,3825.0,416,,1,19,27,0,0,,0,0.0,0.0,RWD,0.0,0.0,,23.5
48483,Mercedes-Benz,SL-Class,2025,AMG SL55 4matic Plus,ICEV,Compact Car,144650,4277.0,469,,1,13,21,0,0,,0,0.0,0.0,AWD,0.0,0.0,,33.17
46700,Mitsubishi,Eclipse Cross,2024,2WD,ICEV,Compact SUV,30045,3428.0,152,,0,25,28,0,0,,0,0.0,0.0,FWD,,,,17.0
46736,Mitsubishi,Eclipse Cross,2024,ES 4WD,ICEV,Compact SUV,26345,3428.0,152,,0,25,28,0,0,,0,0.0,0.0,AWD,,,,17.0
46778,Mitsubishi,Mirage,2024,Mirage,ICEV,Compact Car,16695,2084.0,78,,0,36,43,0,0,,0,0.0,0.0,FWD,,,,13.0
47499,Mitsubishi,Outlander,2024,PHEV,PHEV,Midsize/Large SUV,40345,4607.0,131,20.0,0,25,27,67,61,,420,0.674,0.644,AWD,,,11.47,14.67
46869,Mitsubishi,Outlander,2024,2WD,ICEV,Compact SUV,28395,3593.0,181,,0,24,31,0,0,,0,0.0,0.0,FWD,,,,16.67
46894,Mitsubishi,Outlander,2024,4WD,ICEV,Compact SUV,30195,3593.0,181,,0,24,30,0,0,,0,0.0,0.0,AWD,,,,16.83
47859,Nissan,ARIYA,2024,VENTURE Plus FWD 87kWh,BEV,Compact Car,42580,4528.0,238,87.0,0,111,95,0,0,,304,0.0,0.0,FWD,,,71.34,
47853,Nissan,ARIYA,2024,ENGAGE e-4ORCE 63kWh,BEV,Compact Car,39590,4899.0,335,63.0,0,101,89,0,0,,205,0.0,0.0,AWD,,,76.02,
48186,Nissan,Altima,2025,,ICEV,Midsize/Large Car,27000,3255.0,188,,0,27,39,0,0,,0,0.0,0.0,FWD,,,,13.83
48187,Nissan,Altima,2025,AWD,ICEV,Midsize/Large Car,28930,3373.0,182,,0,25,34,0,0,,0,0.0,0.0,AWD,,,,15.67
47410,Nissan,Armada,2024,2WD,ICEV,Midsize/Large SUV,55720,5664.0,400,,1,14,19,0,0,,0,0.0,0.0,RWD,,,,24.33
47437,Nissan,Armada,2024,4WD,ICEV,Midsize/Large SUV,58720,5664.0,400,,1,13,18,0,0,,0,0.0,0.0,AWD,0.0,0.0,,26.0
48509,Nissan,Frontier,2025,2WD,ICEV,Pickup Truck,33450,4376.0,310,,0,19,24,0,0,,0,0.0,0.0,RWD,,,,11.0
48514,Nissan,Frontier,2025,4WD,ICEV,Pickup Truck,33450,4452.0,310,,0,17,21,0,0,,0,0.0,0.0,AWD,,,,12.5
48515,Nissan,Frontier,2025,4WD PRO4X,ICEV,Pickup Truck,43280,4861.0,310,,0,16,20,0,0,,0,0.0,0.0,AWD,,,,13.17
46584,Nissan,GT-R,2024,GT-R,ICEV,Compact Car,121090,3933.0,565,,1,16,22,0,0,,0,0.0,0.0,AWD,0.0,0.0,,28.17
48259,Nissan,Kicks,2025,,ICEV,Compact SUV,21830,3012.0,141,,0,28,35,0,0,,0,0.0,0.0,FWD,,,,14.0
48277,Nissan,Kicks,2025,AWD,ICEV,Compact SUV,23330,3174.0,141,,0,27,34,0,0,,0,0.0,0.0,AWD,,,,14.5
48401,Nissan,LEAF,2025,LEAF,BEV,Midsize/Large Car,28140,3901.0,147,60.0,0,121,98,0,0,,212,0.0,0.0,FWD,,,70.0,
47108,Nissan,Murano,2024,FWD,ICEV,Midsize/Large Car,38190,3892.0,260,,0,20,28,0,0,,0,0.0,0.0,FWD,,,,19.33
47109,Nissan,Murano,2024,AWD,ICEV,Midsize/Large Car,39890,3892.0,260,,0,20,28,0,0,,0,0.0,0.0,AWD,,,,19.33
47156,Nissan,Pathfinder,2024,Pathfinder,ICEV,Compact SUV,37980,4317.0,284,,0,21,27,0,0,,0,0.0,0.0,AWD,,,,19.0
48522,Nissan,Rogue,2025,FWD,ICEV,Compact SUV,30620,3477.0,201,,0,30,37,0,0,,0,0.0,0.0,FWD,,,,13.17
48540,Nissan,Rogue,2025,AWD,ICEV,Compact SUV,32720,3477.0,201,,0,28,35,0,0,,0,0.0,0.0,AWD,,,,14.0
48500,Nissan,Sentra,2025,Sentra,ICEV,Midsize/Large Car,22730,3036.0,149,,0,30,40,0,0,,0,0.0,0.0,FWD,,,,12.83
47116,Nissan,Titan,2024,2WD,ICEV,Pickup Truck,46040,5493.0,400,,1,15,21,0,0,,0,0.0,0.0,RWD,,,,13.5
47127,Nissan,Titan,2024,4WD,ICEV,Pickup Truck,49230,5642.0,400,,1,15,21,0,0,,0,0.0,0.0,AWD,,,,13.5
47236,Nissan,Versa,2024,Versa,ICEV,Compact Car,16680,2598.0,122,,0,32,40,0,0,,0,0.0,0.0,FWD,,,,14.33
47012,Nissan,Z,2024,,ICEV,Two Seater,42310,3602.0,400,,1,19,28,0,0,,0,0.0,0.0,RWD,,,,23.17
47013,Nissan,Z,2024,NISMO,ICEV,Two Seater,65090,3704.0,420,,1,17,24,0,0,,0,0.0,0.0,RWD,0.0,0.0,,26.33
48405,Polestar,2,2025,Single Motor (19 Inch Wheels),BEV,Midsize/Large Car,51300,4280.0,230,69.0,0,123,104,0,0,,314,0.0,0.0,RWD,,,54.74,
48402,Polestar,2,2025,Dual Motor (19 Inch Wheels),BEV,Midsize/Large Car,66200,4740.0,470,82.0,0,105,95,0,0,,278,0.0,0.0,AWD,,,73.25,
48409,Polestar,3,2025,3,BEV,Midsize/Large SUV,73400,5886.0,489,111.0,0,92,84,0,0,,315,0.0,0.0,AWD,0.0,0.0,87.32,
48407,Polestar,4,2025,Long Range Single Motor,BEV,Midsize/Large SUV,56300,4420.0,272,100.0,0,93,87,0,0,,300,0.0,0.0,RWD,,,82.67,
48412,Polestar,4,2025,Long Range Dual Motor,BEV,Midsize/Large SUV,62900,4640.0,544,100.0,0,86,80,0,0,,272,0.0,0.0,AWD,,,91.33,
47020,Porsche,718,2024,Boxster,ICEV,Two Seater,70400,3020.0,300,,1,21,27,0,0,,0,0.0,0.0,RWD,0.0,0.0,,22.17
47025,Porsche,718,2024,Boxster GTS,ICEV,Two Seater,97300,3156.0,394,,1,17,24,0,0,,0,0.0,0.0,RWD,0.0,0.0,,26.33
47031,Porsche,718,2024,GT4 RS,ICEV,Two Seater,160700,3227.0,493,,1,15,19,0,0,,0,0.0,0.0,RWD,0.0,0.0,,31.5
47292,Porsche,911,2024,Carrera S,ICEV,Compact Car,131300,3382.0,443,,1,18,25,0,0,,0,0.0,0.0,RWD,0.0,0.0,,25.0
47299,Porsche,911,2024,Carrera 4S Cabriolet,ICEV,Compact Car,151400,3487.0,379,,1,18,23,0,0,,0,0.0,0.0,AWD,0.0,0.0,,25.83
47313,Porsche,911,2024,Carrera 4 GTS Cabriolet,ICEV,Compact Car,171000,3536.0,473,,1,16,23,0,0,,0,0.0,0.0,AWD,0.0,0.0,,27.83
47032,Porsche,911,2024,Turbo,ICEV,Compact Car,197200,3636.0,572,,1,14,21,0,0,,0,0.0,0.0,AWD,0.0,0.0,,31.67
48571,Porsche,Cayenne,2025,Cayenne,ICEV,Midsize/Large SUV,86695,4956.0,348,,1,17,23,0,0,,0,0.0,0.0,AWD,0.0,0.0,,20.17
46906,Porsche,Cayenne,2024,Cayenne,ICEV,Midsize/Large SUV,95700,4956.0,468,,1,15,21,0,0,,0,0.0,0.0,AWD,0.0,0.0,,22.5
47159,Porsche,Macan,2024,Macan,ICEV,Compact SUV,66500,4187.0,261,,1,19,25,0,0,,0,0.0,0.0,AWD,0.0,0.0,,20.83
48195,Porsche,Panamera,2025,Panamera,ICEV,Midsize/Large Car,109800,4374.0,348,,1,18,25,0,0,,0,0.0,0.0,AWD,0.0,0.0,,21.5
48414,Porsche,Taycan,2025,Perf Battery Plus,BEV,Compact Car,99400,4630.0,402,97.0,0,94,90,0,0,,318,0.0,0.0,RWD,0.0,0.0,75.66,
48413,Porsche,Taycan,2025,4S Perf Battery Plus 19 inch Wheels,BEV,Compact Car,230000,4802.0,1019,97.0,0,94,92,0,0,,315,0.0,0.0,AWD,0.0,0.0,76.31,
47724,Ram,1500,2025,HFE 2WD,ICEV,Pickup Truck,41060,4789.0,305,,0,20,26,0,0,,0,0.0,0.0,RWD,,,,10.33
47726,Ram,1500,2025,4WD 3.6L,ICEV,Pickup Truck,44125,4838.0,305,,0,19,24,0,0,,0,0.0,0.0,AWD,,,,11.0
47725,Ram,1500,2025,4WD 3.0L,ICEV,Pickup Truck,44125,5083.0,540,,0,17,24,0,0,,0,0.0,0.0,AWD,,,,11.83
47727,Ram,1500,2025,HO 4WD,ICEV,Pickup Truck,89070,4779.0,540,,1,15,21,0,0,,0,0.0,0.0,AWD,0.0,0.0,,13.5
47946,Ram,1500,2025,RHO 4WD,ICEV,Pickup Truck,69995,6283.0,540,,1,14,16,0,0,,0,0.0,0.0,AWD,0.0,0.0,,16.17
46855,Ram,1500,2024,1500,ICEV,Pickup Truck,96340,6283.0,540,,1,10,14,0,0,,0,0.0,0.0,AWD,0.0,0.0,,20.83
48434,Rivian,R1S,2025,R1S,BEV,Midsize/Large SUV,75900,6671.0,665,149.0,0,91,77,0,0,,410,0.0,0.0,AWD,0.0,0.0,88.41,
48422,Rivian,R1T,2025,R1T,BEV,Pickup Truck,85700,7148.0,553,141.0,0,93,80,0,0,,420,0.0,0.0,AWD,0.0,0.0,80.84,
48294,Rolls-Royce,Cullinan,2025,Cullinan,ICEV,Midsize/Large SUV,400000,6086.0,563,,1,12,19,0,0,,0,0.0,0.0,AWD,0.0,0.0,,26.83
46804,Rolls-Royce,Ghost,2024,Ghost,ICEV,Midsize/Large Car,354750,5445.0,563,,1,12,19,0,0,,0,0.0,0.0,AWD,0.0,0.0,,30.67
46802,Rolls-Royce,Phantom,2024,Phantom,ICEV,Midsize/Large Car,583000,5650.0,563,,1,12,18,0,0,,0,0.0,0.0,RWD,0.0,0.0,,31.67
48442,Rolls-Royce,Spectre,2025,Spectre,BEV,Compact Car,422750,6600.0,577,102.0,0,74,82,0,0,,277,0.0,0.0,AWD,0.0,0.0,91.12,
48573,Subaru,Ascent,2025,Ascent,ICEV,Midsize/Large SUV,38795,4449.0,260,,0,20,26,0,0,,0,0.0,0.0,AWD,,,,17.5
48485,Subaru,BRZ,2025,BRZ,ICEV,Compact Car,32265,2820.0,228,,1,21,30,0,0,,0,0.0,0.0,RWD,,,,21.33
48543,Subaru,Crosstrek,2025,Crosstrek,ICEV,Compact SUV,27115,3277.0,152,,0,27,34,0,0,,0,0.0,0.0,AWD,,,,14.5
47740,Subaru,Forester,2025,Forester,ICEV,Compact SUV,29695,3510.0,180,,0,26,33,0,0,,0,0.0,0.0,AWD,,,,15.0
48507,Subaru,Impreza,2025,Impreza,ICEV,Compact Car,23495,3171.0,152,,0,27,34,0,0,,0,0.0,0.0,AWD,,,,17.5
47778,Subaru,Legacy,2025,Legacy,ICEV,Midsize/Large Car,24895,3492.0,182,,0,27,35,0,0,,0,0.0,0.0,AWD,,,,14.33
47801,Subaru,Outback,2025,AWD,ICEV,Compact SUV,28895,3641.0,182,,0,26,32,0,0,,0,0.0,0.0,AWD,,,,15.67
47803,Subaru,Outback,2025,Wilderness AWD,ICEV,Compact SUV,39960,3902.0,260,,0,21,26,0,0,,0,0.0,0.0,AWD,,,,19.33
47482,Subaru,Solterra,2024,Solterra,BEV,Compact SUV,44995,4458.0,215,72.8,0,114,94,0,0,,227,0.0,0.0,AWD,,,79.11,
47580,Subaru,WRX,2024,WRX,ICEV,Midsize/Large Car,32735,3329.0,271,,1,19,26,0,0,,0,0.0,0.0,AWD,,,,20.5
47908,Tesla,Model 3,2024,Model 3,BEV,Midsize/Large Car,66250,4030.0,425,79.7,0,137,124,0,0,,342,0.0,0.0,AWD,,,57.92,
47910,Tesla,Model S,2024,Model S,BEV,Midsize/Large Car,74990,4560.0,670,100.0,0,127,116,0,0,,402,0.0,0.0,AWD,0.0,0.0,60.0,
47915,Tesla,Model X,2024,Model X,BEV,Midsize/Large SUV,79990,5148.0,670,100.0,0,104,96,0,0,,335,0.0,0.0,AWD,0.0,0.0,74.0,
48475,Tesla,Model Y,2024,Long Range RWD,BEV,Compact SUV,44990,4154.0,335,75.0,0,128,112,0,0,,320,0.0,0.0,RWD,,,58.5,
47913,Tesla,Model Y,2024,Long Range AWD,BEV,Compact SUV,47990,4363.0,425,75.0,0,122,112,0,0,,310,0.0,0.0,AWD,,,60.0,
47411,Toyota,4Runner,2024,2WD,ICEV,Midsize/Large SUV,40705,4400.0,270,,0,16,19,0,0,,0,0.0,0.0,RWD,,,,22.5
47438,Toyota,4Runner,2024,4WD,ICEV,Midsize/Large SUV,42580,4400.0,270,,0,16,19,0,0,,0,0.0,0.0,AWD,,,,22.5
48034,Toyota,Camry,2025,Camry,HEV,Midsize/Large Car,29925,3594.0,232,,0,51,49,0,0,,0,0.0,0.0,AWD,,,,8.67
47090,Toyota,Camry,2024,LE/SE,ICEV,Midsize/Large Car,26420,3310.0,203,,0,28,39,0,0,,0,0.0,0.0,FWD,,,,13.5
47088,Toyota,Camry,2024,AWD LE/SE,ICEV,Midsize/Large Car,27820,3530.0,202,,0,25,34,0,0,,0,0.0,0.0,AWD,,,,15.67
48491,Toyota,Corolla,2025,Hybrid AWD,HEV,Compact Car,27465,3218.0,138,,0,51,44,0,0,,0,0.0,0.0,AWD,,,,10.5
48493,Toyota,Corolla,2025,,ICEV,Compact Car,22175,3060.0,169,,0,32,41,0,0,,0,0.0,0.0,FWD,,,,14.17
47234,Toyota,Corolla,2024,Corolla,ICEV,Compact Car,36500,3252.0,300,,1,21,28,0,0,,0,0.0,0.0,AWD,,,,21.83
47668,Toyota,Corolla Cross,2024,Hybrid AWD,HEV,Compact SUV,28220,3385.0,196,,0,45,38,0,0,,0,0.0,0.0,AWD,,,,10.33
47635,Toyota,Corolla Cross,2024,,ICEV,Compact SUV,23860,3115.0,169,,0,31,33,0,0,,0,0.0,0.0,FWD,,,,13.5
47667,Toyota,Corolla Cross,2024,AWD,ICEV,Compact SUV,25210,3385.0,169,,0,29,31,0,0,,0,0.0,0.0,AWD,,,,14.5
47936,Toyota,Crown,2025,Crown,HEV,Midsize/Large Car,41440,4210.0,184,,0,42,41,0,0,,0,0.0,0.0,AWD,,,,10.33
48049,Toyota,Crown Signia,2025,Crown Signia,HEV,Compact Car,43590,4210.0,243,,0,39,37,0,0,,0,0.0,0.0,AWD,,,,13.17
47557,Toyota,GR 86,2024,GR 86,ICEV,Compact Car,29300,2811.0,228,,1,21,30,0,0,,0,0.0,0.0,RWD,,,,21.33
47966,Toyota,GR Supra,2025,4Cyl,ICEV,Two Seater,56250,3411.0,382,,1,25,31,0,0,,0,0.0,0.0,RWD,,,,19.0
47968,Toyota,GR Supra,2025,6Cyl,ICEV,Two Seater,56250,3411.0,382,,1,19,27,0,0,,0,0.0,0.0,RWD,,,,23.5
46753,Toyota,Grand Highlander,2024,Hybrid AWD,HEV,Midsize/Large SUV,46620,4575.0,243,,0,36,32,0,0,,0,0.0,0.0,AWD,,,,11.0
46744,Toyota,Grand Highlander,2024,Limited,ICEV,Midsize/Large SUV,48110,4575.0,265,,0,21,28,0,0,,0,0.0,0.0,FWD,,,,16.5
46755,Toyota,Grand Highlander,2024,AWD LE/XLE,ICEV,Midsize/Large SUV,44920,4455.0,265,,0,21,27,0,0,,0,0.0,0.0,AWD,,,,16.67
47690,Toyota,Highlander,2024,Hybrid AWD LTD/PLAT,HEV,Midsize/Large SUV,50175,4595.0,243,,0,35,34,0,0,,0,0.0,0.0,AWD,,,,11.0
47637,Toyota,Highlander,2024,,ICEV,Compact SUV,39270,4365.0,243,,0,22,29,0,0,,0,0.0,0.0,FWD,,,,18.0
47669,Toyota,Highlander,2024,AWD,ICEV,Compact SUV,40870,4365.0,243,,0,21,28,0,0,,0,0.0,0.0,AWD,,,,18.83
47762,Toyota,Land Cruiser,2024,Land Cruiser,HEV,Midsize/Large SUV,55950,5038.0,326,,1,22,25,0,0,,0,0.0,0.0,AWD,,,,16.83
47244,Toyota,Prius,2024,Prius,HEV,Midsize/Large Car,29350,3097.0,196,,0,53,54,0,0,,0,0.0,0.0,AWD,,,,8.0
47392,Toyota,RAV4,2024,Hybrid AWD,HEV,Compact SUV,31725,3690.0,219,,0,41,38,0,0,,0,0.0,0.0,AWD,,,,10.83
47374,Toyota,RAV4,2024,,ICEV,Compact SUV,28675,3370.0,203,,0,27,35,0,0,,0,0.0,0.0,FWD,,,,14.33
47390,Toyota,RAV4,2024,AWD LE,ICEV,Compact SUV,30075,3370.0,203,,0,27,34,0,0,,0,0.0,0.0,AWD,,,,14.5
47502,Toyota,RAV4 Prime,2024,RAV4 Prime,PHEV,Compact SUV,43690,4235.0,302,18.1,0,40,36,105,84,,600,0.721,0.654,AWD,,,7.24,11.33
48575,Toyota,Sequoia,2025,Sequoia,HEV,Midsize/Large SUV,65175,5620.0,437,,0,19,22,0,0,,0,0.0,0.0,AWD,0.0,0.0,,19.17
47254,Toyota,Sienna,2024,Sienna,HEV,Minivan/Van,39685,4625.0,245,,0,35,36,0,0,,0,0.0,0.0,AWD,,,,8.5
48460,Toyota,Tacoma,2024,Hybrid 4WD,HEV,Pickup Truck,46300,5045.0,326,,0,23,24,0,0,,0,0.0,0.0,AWD,,,,9.83
47589,Toyota,Tacoma,2024,SR5/Sport/PreRunner 2WD,ICEV,Pickup Truck,36200,4145.0,228,,0,21,26,0,0,,0,0.0,0.0,RWD,,,,10.17
47600,Toyota,Tacoma,2024,SR5/Sport/Off-Road/Limited 4WD,ICEV,Pickup Truck,39400,4265.0,228,,0,20,23,0,0,,0,0.0,0.0,AWD,,,,11.0
47598,Toyota,Tacoma,2024,4WD MT,ICEV,Pickup Truck,38395,4792.0,278,,0,18,23,0,0,,0,0.0,0.0,AWD,,,,11.67
48518,Toyota,Tundra,2025,4WD HEV,HEV,Pickup Truck,61950,5710.0,437,,0,19,22,0,0,,0,0.0,0.0,AWD,0.0,0.0,,11.5
48511,Toyota,Tundra,2025,2WD,ICEV,Pickup Truck,40090,5095.0,358,,0,18,23,0,0,,0,0.0,0.0,RWD,,,,11.67
48516,Toyota,Tundra,2025,4WD ICEV,ICEV,Pickup Truck,40090,5710.0,389,,0,17,22,0,0,,0,0.0,0.0,AWD,,,,12.33
47393,Toyota,Venza,2024,Venza,HEV,Compact SUV,35070,3847.0,219,,0,40,37,0,0,,0,0.0,0.0,AWD,,,,11.17
47918,Toyota,bZ4X,2024,,BEV,Compact SUV,43070,4266.0,201,71.4,0,131,107,0,0,,252,0.0,0.0,FWD,,,69.97,
47920,Toyota,bZ4X,2024,AWD,BEV,Compact SUV,45150,4332.0,214,72.8,0,114,94,0,0,,228,0.0,0.0,AWD,,,79.11,
47487,Vinfast,VF 9,2024,VF 9,BEV,Other,71000,6404.0,402,123.0,0,79,71,0,0,,330,0.0,0.0,AWD,0.0,0.0,92.66,
47359,Volkswagen,Arteon,2024,Arteon,ICEV,Midsize/Large Car,47875,3929.0,300,,1,22,30,0,0,,0,0.0,0.0,AWD,,,,17.83
48525,Volkswagen,Atlas,2025,Cross Sport,ICEV,Compact SUV,37190,4400.0,269,,0,20,26,0,0,,0,0.0,0.0,FWD,,,,19.83
48548,Volkswagen,Atlas,2025,Cross Sport 4motion,ICEV,Compact SUV,39965,4400.0,269,,0,19,26,0,0,,0,0.0,0.0,AWD,,,,20.5
47999,Volkswagen,GLI,2025,GLI,ICEV,Compact Car,32715,3537.0,228,,0,26,36,0,0,,0,0.0,0.0,FWD,,,,17.5
46780,Volkswagen,Golf/GTI,2024,GTI,ICEV,Compact Car,31965,31965.0,241,,0,24,33,0,0,,0,0.0,0.0,FWD,,,,19.0
47053,Volkswagen,Golf/GTI,2024,Golf R Automatic,ICEV,Compact Car,45665,3472.0,315,,1,22,31,0,0,,0,0.0,0.0,AWD,,,,20.5
47054,Volkswagen,Golf/GTI,2024,Golf R Manual,ICEV,Compact Car,45665,3397.0,315,,1,20,28,0,0,,0,0.0,0.0,AWD,,,,22.5
48444,Volkswagen,ID. Buzz,2025,,BEV,Minivan/Van,59995,6174.0,282,86.0,0,90,75,0,0,,234,0.0,0.0,RWD,,,90.59,
48445,Volkswagen,ID. Buzz,2025,4motion,BEV,Minivan/Van,69996,6197.0,335,91.0,0,87,74,0,0,,231,0.0,0.0,AWD,,,97.67,
47484,Volkswagen,ID.4,2024,Pro,BEV,Compact SUV,44875,4601.0,335,82.0,0,122,104,0,0,,291,0.0,0.0,RWD,,,69.97,
47485,Volkswagen,ID.4,2024,AWD Pro,BEV,Compact SUV,48755,4888.0,335,77.0,0,108,96,0,0,,263,0.0,0.0,AWD,,,72.38,
48172,Volkswagen,Jetta,2025,Jetta,ICEV,Compact Car,23220,3100.0,158,,0,29,39,0,0,,0,0.0,0.0,FWD,,,,15.83
47142,Volkswagen,Taos,2024,,ICEV,Compact SUV,23995,3430.0,158,,0,28,36,0,0,,0,0.0,0.0,FWD,,,,13.83
47166,Volkswagen,Taos,2024,4motion,ICEV,Compact SUV,26335,3430.0,158,,0,24,32,0,0,,0,0.0,0.0,AWD,,,,16.5
47140,Volkswagen,Tiguan,2024,S,ICEV,Compact SUV,28880,3818.0,184,,0,24,31,0,0,,0,0.0,0.0,FWD,,,,16.67
47164,Volkswagen,Tiguan,2024,4motion,ICEV,Compact SUV,30380,3818.0,184,,0,22,29,0,0,,0,0.0,0.0,AWD,,,,18.0
46980,Volvo,C40,2024,Recharge,BEV,Compact SUV,53600,4552.0,248,78.0,0,118,96,0,0,,297,0.0,0.0,RWD,,,65.0,
46982,Volvo,C40,2024,Recharge twin,BEV,Compact SUV,55350,4713.0,402,78.0,0,106,91,0,0,,257,0.0,0.0,AWD,,,75.4,
48448,Volvo,EC40,2025,,BEV,Compact SUV,55000,4497.0,248,79.0,0,118,95,0,0,,298,0.0,0.0,RWD,,,65.83,
48446,Volvo,EC40,2025,Twin,BEV,Compact SUV,57000,4737.0,402,82.0,0,105,88,0,0,,268,0.0,0.0,AWD,,,75.99,
48450,Volvo,EX30,2025,EX30,BEV,Compact SUV,36245,3858.0,268,64.0,0,127,104,0,0,,261,0.0,0.0,RWD,,,60.59,
48451,Volvo,EX40,2025,,BEV,Compact SUV,52500,4460.0,248,82.0,0,118,94,0,0,,296,0.0,0.0,RWD,,,68.88,
48447,Volvo,EX40,2025,Twin,BEV,Compact SUV,55545,4679.0,402,82.0,0,103,85,0,0,,260,0.0,0.0,AWD,,,78.17,
48001,Volvo,S60,2025,B5,ICEV,Compact Car,42600,3777.0,247,,1,27,36,0,0,,0,0.0,0.0,FWD,,,,17.0
48002,Volvo,S60,2025,B5 AWD,ICEV,Compact Car,44900,3949.0,247,,1,25,34,0,0,,0,0.0,0.0,AWD,,,,18.33
47503,Volvo,S60,2024,S60,PHEV,Compact Car,51950,4425.0,312,18.8,1,30,33,74,73,,530,0.684,0.677,AWD,,,8.52,16.67
48035,Volvo,S90,2025,S90,ICEV,Midsize/Large Car,58300,4296.0,295,,1,23,31,0,0,,0,0.0,0.0,AWD,0.0,0.0,,17.17
48050,Volvo,V60,2025,V60,ICEV,Compact Car,50300,4122.0,247,,1,24,31,0,0,,0,0.0,0.0,AWD,,,,19.33
48053,Volvo,V90,2025,V90,ICEV,Midsize/Large Car,59800,4270.0,295,,1,22,29,0,0,,0,0.0,0.0,AWD,0.0,0.0,,18.0
48107,Volvo,XC40,2025,XC40,ICEV,Compact SUV,40650,3861.0,247,,1,23,30,0,0,,0,0.0,0.0,AWD,,,,17.33
46981,Volvo,XC40,2024,Recharge,BEV,Compact SUV,52450,4554.0,248,79.0,0,118,95,0,0,,293,0.0,0.0,RWD,,,66.89,
46983,Volvo,XC40,2024,Recharge twin,BEV,Compact SUV,54200,4650.0,402,78.0,0,106,90,0,0,,254,0.0,0.0,AWD,,,75.92,
48108,Volvo,XC60,2025,XC60,ICEV,Compact SUV,47050,4162.0,247,,1,23,30,0,0,,0,0.0,0.0,AWD,,,,17.33
47504,Volvo,XC60,2024,XC60,PHEV,Compact SUV,57900,4677.0,312,18.8,1,28,28,66,60,,560,0.651,0.627,AWD,,,8.15,16.0
48147,Volvo,XC90,2025,XC90,ICEV,Midsize/Large SUV,57400,4589.0,247,,1,23,30,0,0,,0,0.0,0.0,AWD,0.0,0.0,,14.67
47505,Volvo,XC90,2024,XC90,PHEV,Midsize/Large SUV,71900,5090.0,312,18.8,1,26,27,59,57,,530,0.619,0.604,AWD,0.0,0.0,8.52,14.33
